feature,z
hydro_potential,-0.6253455485363482
solar_seas_ind,-0.29578813113276176
solar_power,0.25053650586045284
wind_power,0.13120207282132856
