,solar_power,solar_seas_ind,wind_power,wind_std,offshore_wind_potential,hydro_potential,geothermal_potential,evi,res_area
0,-0.014633527069205144,0.48259736230541467,-0.11523872927067806,0.2160246410558739,1.3529570969380469,3.6120317165136715,1.3372415086852416,0.13886707857117087,-0.38054832496172825
1,0.11228053439544503,0.2910506797508432,-0.010229849228998994,0.07449681495153544,1.3036137036348963,2.346134236864743,1.103713035314719,-0.0029749004211404727,-0.17955589158305127
