,solar_power,solar_seas_ind,wind_power,wind_std,offshore_wind_potential,hydro_potential,geothermal_potential,evi,res_area
0,-0.0931937058349214,0.09099111984925444,-0.07967900054939496,0.08797965796865354,0.021509476699309003,0.2740176178592415,0.07449705636392347,0.09267312747700815,-0.11463796353752145
1,0.09672071220164159,-0.09443476720878517,0.08269452976044935,-0.09130933362665294,-0.022323523748769492,-0.2843880809084842,-0.0773164698612563,-0.09618043204985412,0.11897654867738995
