,count,mean,std,min,5%,25%,50%,75%,95%,max
max_membership,126.0,0.6371038398204856,0.05781520203445017,0.5057909157118452,0.5331848003269353,0.6001616592928829,0.6330851360866654,0.6794237086949864,0.7248710612219588,0.8041790047752719
second_membership,126.0,0.3628961601795142,0.05781520203445017,0.1958209952247281,0.27512893877804123,0.32057629130501364,0.3669148639133346,0.39983834070711705,0.46681519967306473,0.4942090842881548
margin,126.0,0.27420767964097154,0.11563040406890034,0.011581831423690403,0.06636960065387047,0.20032331858576582,0.2661702721733308,0.35884741738997267,0.44974212244391754,0.6083580095505439
ratio,126.0,1.8304197215778035,0.48775230941589065,1.0234350840401336,1.1422468572815174,1.5010117582253828,1.7254279693827932,2.119431823914939,2.6346720230003484,4.106704716991046
