,solar_power,solar_seas_ind,wind_power,wind_std,offshore_wind_potential,hydro_potential,geothermal_potential,evi,res_area
0,0.09732307280830488,0.3129185589912989,-0.02184783330648557,0.08976518105431161,1.309521649210975,2.487532194076983,1.1275500355200303,0.012729559135056698,-0.20191591357930114
1,-0.0007130702129555328,0.46227581390327727,-0.10445862795316437,0.20187518550589412,1.3474547921904183,3.4807702025757297,1.3152147241704337,0.12429470007560907,-0.35979531150488697
