,count,mean,std,min,5%,25%,50%,75%,95%,max
max_membership,126.0,0.6079362226777522,0.04615724260739192,0.5017369279202345,0.5238992426835054,0.5775950192408695,0.6045898823215656,0.6411857321376989,0.6767431903173503,0.753683904029219
second_membership,126.0,0.3920637773222478,0.04615724260739192,0.2463160959707808,0.32325680968264975,0.3588142678623011,0.3954101176784344,0.42240498075913047,0.4761007573164945,0.4982630720797655
margin,126.0,0.21587244535550457,0.09231448521478385,0.003473855840468998,0.04779848536701094,0.15519003848173907,0.2091797646431312,0.2823714642753978,0.3534863806347005,0.5073678080584383
ratio,126.0,1.5874394327469212,0.32099612526304744,1.006971931164734,1.1004377283104068,1.3673967868148003,1.5290207900361683,1.7869906055592297,2.093539871358792,3.0598240080852235
