feature,z
geothermal_potential,1.8280841410575017
hydro_potential,-0.9634836556771432
offshore_wind_potential,0.6984409528874019
wind_power,0.5137666850874821
