feature,z
hydro_potential,-1.198020105794241
solar_power,0.4341329410739159
solar_seas_ind,-0.43230919791390937
res_area,0.4290948870240147
