,solar_power,solar_seas_ind,wind_power,wind_std,offshore_wind_potential,hydro_potential,geothermal_potential,evi,res_area
0,-0.074769142721527,0.7446595689485379,0.13320235314232134,-0.02094682075336669,1.3237687321331464,2.400943157524924,5.57070649822827,-0.04688264135407565,-0.03026398505263283
1,-0.18562562509890052,0.9029187088097692,0.024081902308167976,0.026743611245104364,1.0912032818113042,3.805012518792771,1.655117006480591,0.028767505262242882,-0.11358706381718188
2,0.07763312243027826,0.5345465679355127,0.08298763676168862,-0.09251059172157237,0.9029913728923373,1.3527100672761931,1.024562244966992,-0.13463721945079782,-0.05043001084290001
3,-0.06500050628408685,0.5008925852894373,-0.17333269818016275,0.2920033383066998,0.6838508470656824,4.723176075843161,1.1961671820144242,0.2102649092380091,-0.20564954150032694
