,solar_power,solar_seas_ind,wind_power,wind_std,offshore_wind_potential,hydro_potential,geothermal_potential,evi,res_area
0,-0.03211099025634273,0.06722809567368586,0.21204453365984982,-0.10292602615372226,0.3256034476006268,-0.21281343929494181,0.961512394456727,-0.10940055884011288,0.10896208030102114
1,-0.17493266801694712,0.1759475352586702,0.028714090214622696,-0.038803301370195775,0.11654944224134033,0.25090564464647963,-0.10943130849165685,0.02376002785478461,-0.01329261704245978
2,0.16423609506250342,-0.07711344276564497,0.12768008912938075,-0.19914792639594886,-0.05263498889998597,-0.5590112139748914,-0.2818928631644122,-0.2638675576126182,0.07937374275799124
3,-0.019525591409938963,-0.10023275288127145,-0.30295706742286327,0.31785474851011025,-0.24962127640401496,0.5541456236168503,-0.23495759910950395,0.34323463402561377,-0.14837008312659217
