,partition_coefficient,partition_entropy,avg_max_membership,frac_ambiguous,effective_clusters,hard_cluster_sizes
0,0.3991241771747593,1.1231461323136327,0.5483028971347905,0.5521739130434783,3.10913906960995,"{0: 54, 1: 39, 2: 84, 3: 53}"
