feature,z
hydro_potential,-0.2843880809084842
res_area,0.11897654867738995
solar_power,0.09672071220164159
evi,-0.09618043204985412
