feature,z
hydro_potential,0.2740176178592415
res_area,-0.11463796353752145
solar_power,-0.0931937058349214
evi,0.09267312747700815
