feature,z
hydro_potential,-0.261342407418864
offshore_wind_potential,0.2163539430825594
wind_power,0.20868193432042523
wind_std,-0.17803056434951697
