,solar_power,solar_seas_ind,wind_power,wind_std,offshore_wind_potential,hydro_potential,geothermal_potential,evi,res_area
0,0.16221314325475236,0.21893240601059316,0.02543542150082332,0.02807179165188261,1.2839919598068523,1.888990082081433,1.0383511864723987,-0.054098202857429625,-0.10860755782641462
1,-0.05697451902425831,0.5435395125686828,-0.14511322387772121,0.25478774944575283,1.3696091833753967,3.997005796609849,1.3909369890163907,0.1819124287079035,-0.44017981930561584
