,partition_coefficient,partition_entropy,avg_max_membership,frac_ambiguous,effective_clusters,hard_cluster_sizes
0,0.6195360015777661,0.5653518290914931,0.7287667202779982,0.07936507936507936,1.7665964217569448,"{0: 47, 1: 79}"
