,count,mean,std,min,5%,25%,50%,75%,95%,max
max_membership,459.0,0.6139790937206551,0.11804076729596653,0.3747421701707805,0.4260074957374781,0.5197957471824605,0.6153394339749534,0.7105811973731548,0.8009118187799039,0.8824272752361016
second_membership,459.0,0.23146851447640626,0.08388673606185752,0.0588950233179817,0.10081627836974483,0.1623582360149538,0.2285257235979373,0.2952125341369179,0.36343313846360475,0.4352796380403569
margin,459.0,0.3825105792442487,0.19861562700736468,0.003948430661039781,0.06562387096601136,0.21405202188899677,0.38637851062425876,0.5397961979752419,0.700127995456958,0.82353225191812
ratio,459.0,3.3651604732291354,2.18982020539555,1.010648590416495,1.1932086080773574,1.7317142924665467,2.712949571304595,4.266874481968237,7.942954867160654,14.983053329850382
