feature,z
hydro_potential,0.21611626440038675
res_area,-0.09051663203159718
evi,0.07327093378786959
solar_power,-0.07236311045291098
