,solar_power,solar_seas_ind,wind_power,wind_std,offshore_wind_potential,hydro_potential,geothermal_potential,evi,res_area
0,-0.19185208419862862,0.05868626856716666,-0.10656312700635509,0.24522741161776046,0.12992023214959508,0.5793392175135536,1.012327614004857,0.1599580211353361,-0.06064338995787576
1,0.17493229404691837,-0.054488641379101505,0.18570667682558262,-0.27733196538092186,-0.055619873749938195,-0.7181068871868953,-0.4702457628648926,-0.3303639256919733,0.09215145549585428
2,-0.08443739554691729,-0.041436963995517086,-0.3270163733471489,0.3061169899708365,-0.2326612663465331,0.7470368168537537,-0.45987717002682305,0.3844048559463534,-0.1534826654568194
3,-0.04413898033742766,0.167492508052045,0.39654082265464236,-0.26268182919541755,0.5339803221117013,-0.5247370126852045,1.1977423762639086,-0.2324748394161337,0.18429586565665937
