,partition_coefficient,partition_entropy,avg_max_membership,frac_ambiguous,effective_clusters,hard_cluster_sizes
0,0.6399975736586152,0.7225626742115445,0.7724919744051044,0.11739130434782609,2.1313424554223004,"{0: 28, 1: 84, 2: 90, 3: 28}"
