,count,mean,std,min,5%,25%,50%,75%,95%,max
max_membership,230.0,0.7724919744051044,0.12884624092659003,0.3219434536967517,0.5087136477787084,0.6951152574413133,0.811186447851718,0.870996483490031,0.920561339595935,0.9497843512021704
second_membership,230.0,0.11567531835011556,0.06891245553701206,0.0253290031000478,0.03911109665192515,0.06307599495469368,0.09414741608907334,0.15636824004361932,0.25798446538067304,0.3974855084240618
margin,230.0,0.6568166560549887,0.1960091788787762,0.027596704972512043,0.28107027609223373,0.5349098854026373,0.7172735088119411,0.808274810464241,0.8816192386574775,0.9244553481021226
ratio,230.0,10.018558439354786,6.978736599300468,1.0694282040166108,2.1595576702194674,4.501895534557697,8.570146740672005,13.772130633978133,23.593644256141594,37.49789707279786
