feature,z
hydro_potential,-0.7181068871868953
geothermal_potential,-0.4702457628648926
evi,-0.3303639256919733
wind_std,-0.27733196538092186
