feature,z
geothermal_potential,1.012327614004857
hydro_potential,0.5793392175135536
wind_std,0.24522741161776046
solar_power,-0.19185208419862862
