,solar_power,solar_seas_ind,wind_power,wind_std,offshore_wind_potential,hydro_potential,geothermal_potential,evi,res_area
0,0.12747808001944602,-0.12328208094822424,0.10628230861609529,-0.11656215644094083,-0.02960365877125294,-0.3682767049395099,-0.09663699248886688,-0.12439098475729864,0.1536888356607121
1,-0.12066049208069053,0.11668889702194361,-0.10059828054465222,0.11032835725173222,0.02802044111570695,0.34858109278926946,0.09146880048025492,0.11773849613147432,-0.14546948412857405
