,partition_coefficient,partition_entropy,avg_max_membership,frac_ambiguous,effective_clusters,hard_cluster_sizes
0,0.5720258711191082,0.6181882388097111,0.6757436865956608,0.12698412698412698,1.8582930322843698,"{0: 47, 1: 79}"
