,count,mean,std,min,5%,25%,50%,75%,95%,max
max_membership,126.0,0.6757436865956608,0.07188956056877024,0.5013602129349806,0.5473468134403514,0.6304436118172518,0.6719951602677625,0.7274793545065763,0.7852568677601388,0.859581888114639
second_membership,126.0,0.3242563134043393,0.07188956056877024,0.140418111885361,0.21474313223986122,0.2725206454934237,0.3280048397322375,0.36955638818274816,0.4526531865596485,0.4986397870650194
margin,126.0,0.3514873731913215,0.1437791211375405,0.002720425869961185,0.09469362688070296,0.26088722363450373,0.343990320535525,0.4549587090131526,0.5705137355202776,0.719163776229278
ratio,126.0,2.2534117400912614,0.8125141121696909,1.0054556935497938,1.2093325411057771,1.7059479001752365,2.0487356031107775,2.6695331465816374,3.656751719818702,6.1215884231260125
