feature,z
hydro_potential,-0.9495724804212026
solar_seas_ind,-0.35192271566501415
solar_power,0.3348232905645085
wind_power,0.23341889130428292
