feature,z
hydro_potential,1.019671828123434
wind_power,-0.49559877023452625
wind_std,0.42716827569364346
evi,0.3486920348578617
