feature,z
solar_seas_ind,2.2753555636644096
solar_power,-1.9256378846291773
wind_power,0.9889429896398189
offshore_wind_potential,0.8812787076815949
