cluster_hard_2.1,solar_power,solar_seas_ind,wind_power,wind_std,offshore_wind_potential,hydro_potential,geothermal_potential,evi,res_area
0,-2.200164503141871,2.7698962498691246,0.9713818334930621,-0.9264541094932066,1.497089985610984,-0.5421699955407147,0.211390461313691,-0.5870282231277492,0.12115609202733689
1,0.25547376351972695,-0.3007660907641795,0.12504862684667284,-0.014850260528269332,-0.041616166791351356,-0.6253455485363482,0.014572289587211776,0.031581964247525726,0.031100139870363287
2,0.11984459631712174,-0.19720622032520194,-0.5810696437160894,0.3223279365162415,-0.3751583930323782,1.557992348508905,-0.09838133155668037,0.11320932386559376,-0.10690149693556229
