,solar_power,solar_seas_ind,wind_power,wind_std,offshore_wind_potential,hydro_potential,geothermal_potential,evi,res_area
0,-0.9799496519190966,2.942515130317254,0.37625588241357233,-0.39140285774053396,1.324291321028236,0.8432936311040914,0.41281590535887547,-0.33648066819701294,-0.12578673074069285
1,0.05007345103834665,0.1918254487662675,0.041021277442573875,0.06327109794184978,0.4201456526036849,0.3054019174864363,0.19053858393940026,-0.023764558882438513,-0.08151661111776722
2,-0.02496509383835303,0.4041733260113295,-0.31081525791103043,0.2123541165756929,0.28781711825828044,5.7090623215216665,0.1899828485043502,-0.04286284327965043,-0.19345948319450212
