,solar_power,solar_seas_ind,wind_power,wind_std,offshore_wind_potential,hydro_potential,geothermal_potential,evi,res_area
0,0.015957827730438016,0.34978816935852053,-0.36233459860921297,0.3730005044818654,0.4716630298700414,6.329655023180916,0.23970466850632421,0.2202480385068665,-0.22822306667041412
1,0.08785522581663804,0.2733212533913188,0.08924424447899004,-0.11876430788344351,0.972243826959532,0.16008544521841242,0.4451360884919677,-0.1056547783043742,-0.12454366229340334
2,-1.9290776317614127,5.193712382418209,0.48864844137432073,-0.4352267758362445,1.7678331804292138,1.9223004902009388,0.3210422726234581,-0.39286936001584155,-0.0294582738756042
