cluster_hard_1.5,solar_power,solar_seas_ind,wind_power,wind_std,offshore_wind_potential,hydro_potential,geothermal_potential,evi,res_area
0,0.21358792390961828,-0.2903897837829543,-0.5057275641103162,0.43127881693461606,-0.3409712155440723,1.0198559214401324,-0.11069880914561275,0.35175621127441664,-0.10601357136036868
1,0.3348232905645085,-0.35192271566501415,0.23341889130428292,-0.22794287251749698,0.0956691174481884,-0.9495724804212026,0.11657744979720987,-0.17425582116030608,0.05453687912545662
2,-1.9274903159532424,2.2617581332174637,0.9991488175483594,-0.7517226297578466,0.8879937318640244,-0.35149573421734875,-0.008768034984956803,-0.6536072721094807,0.18997309632762865
