feature,z
hydro_potential,0.5541456236168503
evi,0.34323463402561377
wind_std,0.31785474851011025
wind_power,-0.30295706742286327
