feature,z
hydro_potential,0.25090564464647963
solar_seas_ind,0.1759475352586702
solar_power,-0.17493266801694712
offshore_wind_potential,0.11654944224134033
