feature,z
hydro_potential,-0.5590112139748914
geothermal_potential,-0.2818928631644122
evi,-0.2638675576126182
wind_std,-0.19914792639594886
