feature,z
geothermal_potential,0.961512394456727
offshore_wind_potential,0.3256034476006268
hydro_potential,-0.21281343929494181
wind_power,0.21204453365984982
