,solar_power,solar_seas_ind,wind_power,wind_std,offshore_wind_potential,hydro_potential,geothermal_potential,evi,res_area
0,0.038792481658495484,0.36837141340372215,0.07513221995354502,-0.10730214175825048,0.9518611113125461,0.46268598449237613,0.4078564407329433,-0.09616534103348522,-0.12258735483268503
1,0.00450623637464921,0.41201289186515994,-0.3426815728402348,0.35769097835693586,0.4809949055262663,6.08420240037086,0.2487404372198608,0.20881408584758662,-0.2210466219381322
2,-1.399882762351334,3.8661254779688115,0.3725679099125973,-0.3365665023509046,1.6276255579093988,1.8430791505880917,0.4118147038919933,-0.31544690028438965,-0.07976134936088221
