,partition_coefficient,partition_entropy,avg_max_membership,frac_ambiguous,effective_clusters,hard_cluster_sizes
0,0.7852225585827067,0.41911445117871216,0.8671968410327754,0.06100217864923747,1.573825872712924,"{0: 198, 1: 205, 2: 56}"
