cluster_hard_2.1,solar_power,solar_seas_ind,wind_power,wind_std,offshore_wind_potential,hydro_potential,geothermal_potential,evi,res_area
0,-2.181835739477555,6.006561518823622,0.6517301994359193,-0.6711087006479279,1.893262605583359,0.2617735611321759,0.39727852966996235,-0.45587550207094624,-0.026393515489718126
1,0.10859828438551285,0.09649772433911628,0.0747423669228001,0.02585298021606596,0.4818018757568911,0.0,0.23634787692993953,-0.05689395619647639,-0.09674263455512008
2,-0.01790636550796814,0.29581805752712714,-0.4066539049360533,0.2836407059147449,0.17584238287835335,6.871491873271657,0.14399004319648936,-0.004247215501417221,-0.2045455431508585
