,solar_power,solar_seas_ind,wind_power,wind_std,offshore_wind_potential,hydro_potential,geothermal_potential,evi,res_area
0,-0.9115888716120496,1.1779249645641345,0.5673125465225335,-0.5606077079288144,0.876825037685112,-0.35739864892809303,0.23039267018100643,-0.40190973502195676,-0.006080051882980822
1,0.1927276556554622,-0.25123714089228477,0.0755860971654065,0.0340914547430241,-0.1088307962138742,-0.5283075846449714,-0.04145247102222734,0.08294820635065024,0.05059141504810135
2,0.11227673659207876,-0.14090861442555666,-0.4404922781518081,0.22908733089140518,-0.25308895772906637,1.1886436626939425,-0.04213213540205726,0.053336828552182663,-0.09270990934637284
