,partition_coefficient,partition_entropy,avg_max_membership,frac_ambiguous,effective_clusters,hard_cluster_sizes
0,0.7219969638233976,0.52775577814777,0.8257919040833731,0.0746147607461476,1.7434771808486391,"{0: 109, 1: 775, 2: 349}"
