,count,mean,std,min,5%,25%,50%,75%,95%,max
max_membership,1233.0,0.8257919040833731,0.12315076766376863,0.4086147902302676,0.5652904781021382,0.7603962128023627,0.8698198557460476,0.9179628638906456,0.9515398660855181,0.98396882937899
second_membership,1233.0,0.10712220892931022,0.08385388472855086,0.0098343669349638,0.02704773559054298,0.0474778979868584,0.0740459337859218,0.1421083836082178,0.28940032176633984,0.4422762932458216
margin,1233.0,0.718669695154063,0.20611693966533468,0.0087654388529253,0.27328499952368274,0.6186221661543081,0.7958153474878532,0.8704797772630447,0.9240150905584513,0.9741344624440262
ratio,1233.0,14.013301845929933,11.2458117128051,1.0218051437037765,1.938533898930365,5.333634131852088,11.785173198716768,19.36507773532369,35.20188276417692,100.05410982589211
