cluster_hard_1.5,mu_1.5_0,mu_1.5_1,mu_1.5_2,_maxu,_second,_margin
2,0.4430993420953232,0.0737836728473454,0.4831169850573313,0.4831169850573313,0.4430993420953232,0.040017642962008104
0,0.5130362080723084,0.1503021912403478,0.3366616006873437,0.5130362080723084,0.3366616006873437,0.17637460738496474
2,0.0327585128780037,0.4467678823159525,0.5204736048060439,0.5204736048060439,0.4467678823159525,0.07370572249009139
2,0.0620264807115405,0.4013505467617379,0.5366229725267214,0.5366229725267214,0.4013505467617379,0.1352724257649835
0,0.5431286357317007,0.0712124298892557,0.3856589343790436,0.5431286357317007,0.3856589343790436,0.1574697013526571
2,0.0601945800645179,0.3860314895781482,0.5537739303573338,0.5537739303573338,0.3860314895781482,0.1677424407791856
2,0.036767979167024,0.392495434316698,0.5707365865162779,0.5707365865162779,0.392495434316698,0.17824115219957992
2,0.3268752272401782,0.0741270642558269,0.5989977085039949,0.5989977085039949,0.3268752272401782,0.2721224812638167
