cluster_hard_1.5,solar_power,solar_seas_ind,wind_power,wind_std,offshore_wind_potential,hydro_potential,geothermal_potential,evi,res_area
0,0.0319900906645958,0.278347862612546,-0.3769611134905098,0.3750767795469588,0.4742044253021943,6.418053984756945,0.23472655153051472,0.22301758267948887,-0.23277591431098774
1,0.15509968829061319,0.14767195134084543,0.0827862890193705,-0.10571257055909661,0.9507117052958195,0.0,0.4500637565428678,-0.10463375186284478,-0.12097999091553621
2,-2.1421880214507287,5.698279020669988,0.5590685495049872,-0.4877202215688688,1.8153786138701582,1.949037010198645,0.3313027980535755,-0.4032203486205757,-0.02667183470989201
