,solar_power,solar_seas_ind,wind_power,wind_std,offshore_wind_potential,hydro_potential,geothermal_potential,evi,res_area
0,0.19779973750814264,-0.2567498306664728,-0.48221218029181356,0.42843198691253614,-0.34329998531181877,0.9927300315619291,-0.10544468781169447,0.34730998015744674,-0.09947521363240558
1,0.2686025634989487,-0.29275672348742987,0.2438014945797861,-0.24583841934552728,0.11539975571545494,-0.900449050907124,0.11137657445448217,-0.17589497881680904,0.049419080303077664
2,-1.7176243369380482,2.0241667953850997,0.8859327927692389,-0.6797476203833877,0.8444261836616275,-0.3597000375740165,-0.01959744012379941,-0.6369897766816347,0.18597148294389196
