,partition_coefficient,partition_entropy,avg_max_membership,frac_ambiguous,effective_clusters,hard_cluster_sizes
0,0.9125799865289712,0.1809219080553557,0.9467342827014054,0.017429193899782137,1.2321801323475645,"{0: 204, 1: 198, 2: 57}"
