,count,mean,std,min,5%,25%,50%,75%,95%,max
max_membership,459.0,0.9467342827014054,0.09273805934420072,0.4831169850573313,0.7210331998371697,0.950335522544069,0.9852829041669376,0.9953849341322194,0.9987686985519068,0.9997474387375482
second_membership,459.0,0.03883082489238034,0.07374974427507316,0.0001699825167594,0.0008080276323431201,0.0029466640130569,0.0100420902513115,0.03256742087058245,0.20953563948420967,0.4467678823159525
margin,459.0,0.907903457809025,0.16591668359191583,0.040017642962008104,0.5262121951747157,0.9171222720036916,0.975446500653856,0.992309733858945,0.9979527900742552,0.9995774562207889
ratio,459.0,298.99721144533066,562.5605138724533,1.0903130272610497,3.4955972813703244,29.29444367024235,98.28995836743344,337.78634238907057,1236.239262771467,5881.472152531019
