cluster_hard_3.0,solar_power,solar_seas_ind,wind_power,wind_std,offshore_wind_potential,hydro_potential,geothermal_potential,evi,res_area
0,0.33657243619399757,-0.05449393315866302,0.11487657016292394,-0.12460294609777048,1.2327759017977962,0.3979052241258776,0.9025098775068077,-0.24470744559232194,0.08817297018453822
1,-0.13621790113839052,0.6705732537412379,-0.1773549820804773,0.31914265955163007,1.3898139404702738,4.64088583563112,1.4263686035303071,0.2690627054169714,-0.5174312201270286
