,solar_power,solar_seas_ind,wind_power,wind_std,offshore_wind_potential,hydro_potential,geothermal_potential,evi,res_area
0,0.07433834117164206,-0.0732656670596121,0.06472982916563962,-0.07196720114836157,-0.017075344332074534,-0.22201539562331646,-0.06182037637180425,-0.0752709445433787,0.09298738309558369
1,-0.07236311045291098,0.07131893817215505,-0.0630099044945875,0.07005497356554362,0.016621638423037308,0.21611626440038675,0.060177758248658744,0.07327093378786959,-0.09051663203159718
