,partition_coefficient,partition_entropy,avg_max_membership,frac_ambiguous,effective_clusters,hard_cluster_sizes
0,0.5275276211039415,0.6652019959320002,0.6079362226777522,0.4365079365079365,1.9453275930502363,"{0: 49, 1: 77}"
