feature,z
hydro_potential,-0.6010854949474111
wind_std,-0.17374972355256688
wind_power,0.16867001341210933
solar_seas_ind,-0.14936953927367455
