,partition_coefficient,partition_entropy,avg_max_membership,frac_ambiguous,effective_clusters,hard_cluster_sizes
0,0.838000793766569,0.283040636164626,0.9018932190526661,0.015873015873015872,1.3453122516495022,"{0: 46, 1: 80}"
