feature,z
hydro_potential,0.5910943814407353
wind_power,-0.29184390435400503
wind_std,0.2653879820684242
offshore_wind_potential,-0.23045269865316953
