feature,z
hydro_potential,-0.42171305219829613
wind_power,0.14174751823387846
wind_std,-0.13869021640363097
evi,-0.10634094255695543
