feature,z
hydro_potential,0.656149234593367
wind_power,-0.32865100180330364
wind_std,0.298281575487812
offshore_wind_potential,-0.25889555032604294
