feature,z
hydro_potential,-0.5099700839670485
wind_std,-0.15291945814695093
wind_power,0.15173043175027864
evi,-0.11306990527207304
