feature,z
hydro_potential,0.6511390230343221
geothermal_potential,-0.4057637004644631
evi,0.3529049628801616
wind_power,-0.30405823678685046
