feature,z
hydro_potential,-0.6248260030409196
geothermal_potential,-0.4174794199309275
evi,-0.297590987721334
wind_std,-0.24738116252856443
