feature,z
geothermal_potential,0.7705360806488397
hydro_potential,0.42542410330292924
wind_std,0.16367005471438023
solar_power,-0.1634436102044746
