feature,z
geothermal_potential,0.9465654247605462
offshore_wind_potential,0.43795700866339055
hydro_potential,-0.40012544503463554
wind_power,0.323694137944417
