feature,z
hydro_potential,1.552764794247034
wind_power,-0.554529921705791
offshore_wind_potential,-0.3461149254189958
wind_std,0.30429254025467145
