feature,z
offshore_wind_potential,0.4876904268527441
solar_seas_ind,0.3869134461955672
wind_power,0.331928524530642
hydro_potential,-0.32910394429094497
