feature,z
solar_seas_ind,0.8935487775262494
solar_power,-0.7710044719701109
offshore_wind_potential,0.5514412706158378
wind_power,0.519503461589715
