feature,z
hydro_potential,-0.7013482909119604
wind_std,-0.2013292222305752
solar_seas_ind,-0.2000665607608284
wind_power,0.19265616644814082
