feature,z
solar_seas_ind,0.5693256418771165
solar_power,-0.49426412509687334
offshore_wind_potential,0.41763457113452
wind_power,0.3854901075775798
