feature,z
hydro_potential,0.7357904318643625
wind_power,-0.3699407618519184
wind_std,0.3360292900862196
offshore_wind_potential,-0.2881908749535863
