cluster_hard_1.8,solar_power,solar_seas_ind,wind_power,wind_std,offshore_wind_potential,hydro_potential,geothermal_potential,evi,res_area
0,0.3374015188113681,-0.05061721079582915,0.11803736573014578,-0.10769932181471634,1.2711277811206434,0.21179716316370917,0.9613692173442081,-0.23676960777305214,0.08666772000614315
1,-0.11896498599341403,0.6411541188738621,-0.1682137563225023,0.2927826153770214,1.3618726834094188,4.58878619775292,1.3728797808979207,0.2452320680080428,-0.49385554413776767
