,count,mean,std,min,5%,25%,50%,75%,95%,max
max_membership,126.0,0.8027739373208836,0.09674435203917142,0.5097356715019896,0.6049493750296884,0.7464705298902378,0.8119224580721773,0.875176540756539,0.9343232795116694,0.9686601203286712
second_membership,126.0,0.19722606267911622,0.09674435203917142,0.0313398796713288,0.06567672048833054,0.12482345924346104,0.1880775419278226,0.25352947010976223,0.3950506249703116,0.4902643284980104
margin,126.0,0.6055478746417674,0.19348870407834284,0.019471343003979236,0.20989875005937672,0.49294105978047553,0.6238449161443547,0.7503530815130779,0.8686465590233389,0.9373202406573424
ratio,126.0,5.845950276922524,4.587026279652989,1.0397160100626375,1.5320783356426304,2.9443152340813747,4.317063896543031,7.011487072334714,14.226180915981924,30.908227168939874
