,solar_power,solar_seas_ind,wind_power,wind_std,offshore_wind_potential,hydro_potential,geothermal_potential,evi,res_area
0,-0.686804955173838,2.1041034904736997,0.1773742372751061,-0.1689097179071121,1.3020738470764934,2.0943224569869354,0.4288918636007048,-0.17358570342512913,-0.132315207156167
1,-0.033715495870976324,0.5346821167544433,-0.29250203345825226,0.3056085583945108,0.5318038146200734,5.492329726093558,0.2619265508790064,0.1741906141795573,-0.20414632879097594
2,-0.05490323545998189,0.5778289436429286,0.04251263525523411,-0.06618794737398204,0.915736204948539,1.1356636695409448,0.37021567504382163,-0.07369480145566318,-0.12653836808112612
