cluster_hard_2.4,solar_power,solar_seas_ind,wind_power,wind_std,offshore_wind_potential,hydro_potential,geothermal_potential,evi,res_area
0,-2.063058106565106,5.475579030351755,0.5624275592113549,-0.4799171153780068,1.9089259438670487,1.824138639691625,0.3147376581508967,-0.37878913530261343,-0.06569742313731576
1,0.027828503450469794,0.2867868901700225,-0.37658374111795156,0.37504091264463124,0.4720481933295477,6.426126490638441,0.23472655153051472,0.22518532478261405,-0.2313699572709107
2,0.170448570484297,0.12197254923510864,0.07403053862018691,-0.10219896322754575,0.910881093997786,0.0,0.45698781433583496,-0.10982520005690673,-0.11189385962911175
