,partition_coefficient,partition_entropy,avg_max_membership,frac_ambiguous,effective_clusters,hard_cluster_sizes
0,0.5541155605044239,0.7832606805561823,0.6918773244203221,0.25925925925925924,2.2238040012953286,"{0: 60, 1: 204, 2: 195}"
