cluster_hard_1.8,mu_1.8_0,mu_1.8_1,_maxu,_second,_margin
1,0.4902643284980104,0.5097356715019896,0.5097356715019896,0.4902643284980104,0.019471343003979236
1,0.4435849195746028,0.5564150804253972,0.5564150804253972,0.4435849195746028,0.11283016085079445
1,0.4354817063047325,0.5645182936952675,0.5645182936952675,0.4354817063047325,0.12903658739053503
1,0.4174472867770298,0.5825527132229702,0.5825527132229702,0.4174472867770298,0.1651054264459404
0,0.588820100417484,0.411179899582516,0.588820100417484,0.411179899582516,0.177640200834968
1,0.4047953645027346,0.5952046354972653,0.5952046354972653,0.4047953645027346,0.1904092709945307
