,solar_power,solar_seas_ind,wind_power,wind_std,offshore_wind_potential,hydro_potential,geothermal_potential,evi,res_area
0,0.20636640875578718,0.1553908915354114,0.05304620088617315,-0.007638249977605177,1.268857046777021,1.490328993970103,1.0014219141867142,-0.09909909120994997,-0.05057494089315921
1,-0.08590651922035719,0.584831988717309,-0.16194997999479127,0.2763331340488345,1.3791333916460993,4.253397524597668,1.4087881699068614,0.21092677915495728,-0.47657580142995554
