cluster_hard_1.8,solar_power,solar_seas_ind,wind_power,wind_std,offshore_wind_potential,hydro_potential,geothermal_potential,evi,res_area
0,0.4335921372413056,-0.42518480077209886,0.281032046622466,-0.32211738411772506,-0.05118160100695773,-1.2258750529628233,-0.16985215354284244,-0.4074631918902462,0.4284095861108267
1,-0.2493154789137507,0.24448126044395688,-0.16159342680791794,0.18521749586769196,0.0294294205790011,0.7048781554536229,0.09766498828713446,0.2342913353368916,-0.24633551201372542
