,solar_power,solar_seas_ind,wind_power,wind_std,offshore_wind_potential,hydro_potential,geothermal_potential,evi,res_area
0,0.23751097506453547,-0.22575960266128975,0.18053726112931204,-0.19535892847384764,-0.053198752500572384,-0.6618961590509552,-0.14381446719681204,-0.22416366886079794,0.26889175381183017
1,-0.19984673285100765,0.18995888080262924,-0.15190785093092557,0.16437911375743322,0.04476254992469322,0.5569333578670301,0.12100851928287504,0.18861602851637993,-0.22625118049921894
