,partition_coefficient,partition_entropy,avg_max_membership,frac_ambiguous,effective_clusters,hard_cluster_sizes
0,0.7019144905341982,0.46695089831734077,0.8027739373208836,0.047619047619047616,1.6087443727783082,"{0: 46, 1: 80}"
