feature,z
hydro_potential,1.0229664607235651
wind_power,-0.4946340278808401
wind_std,0.42680618214856053
evi,0.35251679610559133
