feature,z
hydro_potential,0.4795136224093069
evi,0.2924903834816721
wind_std,0.2684227437078874
wind_power,-0.2568100084929198
