feature,z
hydro_potential,-0.4869353943487764
geothermal_potential,-0.24369797242310834
evi,-0.2333325009210598
wind_std,-0.17688281580265686
