feature,z
geothermal_potential,0.8072475784530386
offshore_wind_potential,0.2810223143986469
hydro_potential,-0.18570135210702832
wind_power,0.18548848808590776
