cluster_hard_3.0,solar_power,solar_seas_ind,wind_power,wind_std,offshore_wind_potential,hydro_potential,geothermal_potential,evi,res_area
0,0.0830959579145511,-0.14452225231623306,-0.554529921705791,0.30429254025467145,-0.3461149254189958,1.552764794247034,-0.1008686169804019,0.10263642973519722,-0.10888207082711318
1,-0.7908982365485412,1.0344609790606385,0.9074534180667054,-0.8977807218810501,1.3781876261433879,-0.6253455485363482,0.32575866579961704,-0.5973687614819982,-0.018623228484345493
2,0.33754851061148694,-0.4199971959806408,-0.11178041616513196,0.25718486334486407,-0.4674093904357875,-0.6253455485363482,-0.09904536272038485,0.23102758634243675,0.07445146797419311
