,solar_power,solar_seas_ind,wind_power,wind_std,offshore_wind_potential,hydro_potential,geothermal_potential,evi,res_area
0,0.005337149554336675,0.0011464511533612087,-0.2793930048919846,0.12748448982716298,-0.13214351680170797,0.8077254263805858,-0.02412782461431737,0.01616372078887693,-0.05729346137117511
1,-0.08484822075462138,0.11266955037364622,0.17308998235688505,-0.14878183770502337,0.20527599596437562,-0.2732003679313987,0.05712201589681693,-0.1028713096860432,-0.007433843750191346
2,0.06235870835301978,-0.08856798554375737,0.060696973268233735,0.02667820541984441,-0.0674246564189691,-0.35245818413862756,-0.027610650577676747,0.06882129145210554,0.04588648026642964
