cluster_hard_3.0,solar_power,solar_seas_ind,wind_power,wind_std,offshore_wind_potential,hydro_potential,geothermal_potential,evi,res_area
0,-0.05218272162711146,0.3972182042509671,-0.3885604441596515,0.26985184345241064,0.2024840609728185,6.855039496992132,0.14195628552422257,-0.011066355778448698,-0.20609271049712868
1,-0.867378537246369,2.666391866838603,0.608146989462376,-0.6491866207346804,1.7841930403449275,0.0,0.4907930138213681,-0.4625447811451522,-0.13558509945539682
2,0.18515141348073927,-0.13298483021973126,-0.08671588040865652,0.23383592961227492,0.0912202086451868,0.0,0.14344709044127738,0.07174136899749639,-0.06287782418585378
