feature,z
hydro_potential,1.0223330309183278
wind_power,-0.5051208538819928
wind_std,0.4312296389735348
evi,0.35523630828379377
