feature,z
geothermal_potential,1.4930720344193922
hydro_potential,-0.6954553168026367
offshore_wind_potential,0.625211372537364
wind_power,0.46840641393590654
