feature,z
hydro_potential,-0.823436419171245
geothermal_potential,-0.5206892754582745
evi,-0.358635621887698
wind_std,-0.30283365622161357
