feature,z
geothermal_potential,1.3141247065542625
hydro_potential,0.7673684404607442
wind_std,0.35238789229485845
evi,0.2308644695548888
