feature,z
hydro_potential,0.8464086079593972
geothermal_potential,-0.5139890471360656
evi,0.4012597814624462
wind_power,-0.3371037283057361
