feature,z
hydro_potential,-0.46349144275764265
solar_seas_ind,-0.17279597709707475
offshore_wind_potential,-0.1321208115295922
solar_power,0.12893602029891715
