feature,z
hydro_potential,1.046604929168174
wind_power,-0.3762899126378554
offshore_wind_potential,-0.20354902313627962
wind_std,0.18367104493566921
