feature,z
hydro_potential,-0.8075937870093602
solar_seas_ind,-0.24799931590936836
wind_std,-0.23012237131708455
wind_power,0.22111326871975545
