cluster_hard_2.4,solar_power,solar_seas_ind,wind_power,wind_std,offshore_wind_potential,hydro_potential,geothermal_potential,evi,res_area
0,0.4341329410739159,-0.43230919791390937,0.2519195000791119,-0.3278804543325349,-0.07356564467015385,-1.198020105794241,-0.18314943868736863,-0.4194070081932024,0.4290948870240147
1,-0.25828162317055753,0.25719661141713596,-0.14987615827491468,0.19506811840036892,0.04376690252528181,0.7127461388902445,0.10896232428235864,0.24952062512760145,-0.2552842998750468
