cluster_hard_2.4,solar_power,solar_seas_ind,wind_power,wind_std,offshore_wind_potential,hydro_potential,geothermal_potential,evi,res_area
0,0.33776292165566935,-0.05797677994427241,0.09920993799703373,-0.11224859610050048,1.2459297645829368,0.2749439173860898,0.9409145531453952,-0.24574023318978394,0.0872573250646319
1,-0.12495678901223603,0.654289195831413,-0.16063606035536793,0.3005585372583327,1.378012578087406,4.606622800109089,1.390258005972578,0.2566703094050996,-0.5015547175794497
