,solar_power,solar_seas_ind,wind_power,wind_std,offshore_wind_potential,hydro_potential,geothermal_potential,evi,res_area
0,0.13283475302758785,0.26125113377013065,0.005024645980753859,0.054562645630245286,1.2954183585286456,2.15595996399031,1.073993073818968,-0.024162960813095533,-0.14969085039717428
1,-0.03298874956295403,0.5091434074372602,-0.12876747474654757,0.23366634229837516,1.3602865764328786,3.7810660139717474,1.363348441265434,0.15769288997249437,-0.4070745124387274
