feature,z
solar_seas_ind,2.9672093134614483
solar_power,-2.340034259553465
offshore_wind_potential,1.4799496063753919
wind_power,1.0264882553600267
