feature,z
hydro_potential,1.557992348508905
wind_power,-0.5810696437160894
offshore_wind_potential,-0.3751583930323782
wind_std,0.3223279365162415
