feature,z
hydro_potential,1.5540481830044
wind_power,-0.5576148496030652
offshore_wind_potential,-0.34976139617373075
wind_std,0.30760922345201164
