feature,z
hydro_potential,0.8254766433031507
wind_power,-0.41167008471522765
wind_std,0.37389355813315256
offshore_wind_potential,-0.31488780320397963
