feature,z
offshore_wind_potential,1.3781876261433879
solar_seas_ind,1.0344609790606385
wind_power,0.9074534180667054
wind_std,-0.8977807218810501
