feature,z
hydro_potential,-0.6253455485363482
offshore_wind_potential,-0.4674093904357875
solar_seas_ind,-0.4199971959806408
solar_power,0.33754851061148694
