feature,z
hydro_potential,1.3644849916021533
wind_power,-0.5054258335772874
offshore_wind_potential,-0.30308225508954323
wind_std,0.2717059256229869
