feature,z
hydro_potential,-0.577150348624501
solar_seas_ind,-0.2731795113411174
solar_power,0.214541603758665
wind_power,0.0931204156030426
