feature,z
solar_seas_ind,2.7698962498691246
solar_power,-2.200164503141871
offshore_wind_potential,1.497089985610984
wind_power,0.9713818334930621
