,partition_coefficient,partition_entropy,avg_max_membership,frac_ambiguous,effective_clusters,hard_cluster_sizes
0,0.656157150453353,0.6300035901630869,0.7760702826438186,0.11764705882352941,1.9270421373927318,"{0: 198, 1: 204, 2: 57}"
