feature,z
solar_seas_ind,2.0241667953850997
solar_power,-1.7176243369380482
wind_power,0.8859327927692389
offshore_wind_potential,0.8444261836616275
