feature,z
solar_seas_ind,0.3323208890483178
offshore_wind_potential,0.3069790448082448
solar_power,-0.28862376502025033
wind_power,0.28165167183908985
