,solar_power,solar_seas_ind,wind_power,wind_std,offshore_wind_potential,hydro_potential,geothermal_potential,evi,res_area
0,-0.12471026884008482,0.6775848596701987,-0.20098579621951826,0.1346742263809608,0.3987608095238215,4.510220599060623,0.20470428129578896,-0.06683817427652688,-0.16579317290844886
1,-0.2088283750834558,0.8922319155280475,0.10749457062832134,-0.07654366637100492,0.7082769513829711,1.1082859643545762,0.2711391523942306,-0.14361153081242103,-0.12684427400102238
2,-0.07152486277302327,0.5049126523910165,0.030870614254619372,0.057603339172715935,0.45812765469223704,0.858842467450925,0.20185650839582397,-0.03287591601765359,-0.08519197081607832
