,partition_coefficient,partition_entropy,avg_max_membership,frac_ambiguous,effective_clusters,hard_cluster_sizes
0,0.4405656507433738,0.9358124753515764,0.5606130469852781,0.6399026763990268,2.5598913070348974,"{0: 354, 1: 289, 2: 590}"
