feature,z
hydro_potential,0.9927300315619291
wind_power,-0.48221218029181356
wind_std,0.42843198691253614
evi,0.34730998015744674
