feature,z
hydro_potential,-0.900449050907124
solar_seas_ind,-0.29275672348742987
solar_power,0.2686025634989487
wind_std,-0.24583841934552728
