feature,z
hydro_potential,1.1886436626939425
wind_power,-0.4404922781518081
offshore_wind_potential,-0.25308895772906637
wind_std,0.22908733089140518
