feature,z
hydro_potential,0.7470368168537537
geothermal_potential,-0.45987717002682305
evi,0.3844048559463534
wind_power,-0.3270163733471489
