feature,z
geothermal_potential,1.1977423762639086
offshore_wind_potential,0.5339803221117013
hydro_potential,-0.5247370126852045
wind_power,0.39654082265464236
