feature,z
geothermal_potential,1.6650807051734975
hydro_potential,0.968704318593601
wind_std,0.47016031999300906
evi,0.34725392816112377
