feature,z
hydro_potential,-1.0057679701149411
geothermal_potential,-0.5621184810026895
evi,-0.3752901969770832
wind_std,-0.3148647288577681
