feature,z
hydro_potential,-0.4860409835275417
res_area,0.2014401524280363
solar_power,0.17143995326228637
solar_seas_ind,-0.1642485311593592
