feature,z
hydro_potential,-0.6253455485363482
solar_seas_ind,-0.3007660907641795
solar_power,0.25547376351972695
wind_power,0.12504862684667284
