feature,z
solar_seas_ind,2.156892720755214
solar_power,-1.8495650816130942
wind_power,1.0045491745805268
offshore_wind_potential,0.9737144312852917
