feature,z
hydro_potential,-0.9495724804212026
solar_seas_ind,-0.36402410102205984
solar_power,0.34993850007194915
wind_std,-0.22312528210983643
