,solar_power,solar_seas_ind,wind_power,wind_std,offshore_wind_potential,hydro_potential,geothermal_potential,evi,res_area
0,0.07259757650542521,0.5715810585946026,0.10268253715514879,-0.1283834258161031,0.9085931224249553,1.153433108345623,0.5288300272644099,-0.15379590968678247,-0.045068513014879144
1,-0.17670795549235915,0.7584030963272231,-0.025825083365793998,0.17733050306000717,1.1059052097243023,4.333427305375426,4.87245798576196,0.07559120518311811,-0.12877265612391148
2,-0.09181857353810852,0.8619263544714246,0.1996575197040426,-0.10591594914903356,1.4487582365385616,1.8337914974695575,5.516057316095997,-0.08897319119962384,-0.008274614727486307
3,-0.09633121375036983,0.5644638091921893,-0.1739881272250335,0.270898783714637,0.7040219908013292,5.016857024252198,0.5716650968435651,0.21575874051220392,-0.20339228120834452
