,count,mean,std,min,5%,25%,50%,75%,95%,max
max_membership,230.0,0.6846108810224312,0.12620873425620044,0.3009065909393278,0.4513340222118599,0.6002553110177786,0.7116757799819116,0.785102883793705,0.8523069968776272,0.8848004092300995
second_membership,230.0,0.14685202260902044,0.06267418448675204,0.0515209260005623,0.06714924691208472,0.09804336060534988,0.13333124468677465,0.19284418129565745,0.2678196975254641,0.3742714762363353
margin,230.0,0.5377588584134109,0.18698984035929586,0.02122315220302151,0.19793773711795085,0.40688389693963467,0.5781127761905884,0.6874277162523356,0.7848430737286338,0.8332794832295372
ratio,230.0,5.97167983794792,3.4844365710839793,1.0567052355056308,1.8030976609273552,3.1455883832288207,5.3426083566067355,8.028097694409176,12.640232410046163,17.17361231474067
