,solar_power,solar_seas_ind,wind_power,wind_std,offshore_wind_potential,hydro_potential,geothermal_potential,evi,res_area
0,-0.011732799853552946,0.3465590672799181,-0.3550837222795467,0.2449379274645026,0.24195808541521188,6.2624774682166695,0.1793303362301254,-0.02863676505422607,-0.20202215780454721
1,0.0704198553148541,0.1495932542853639,0.05297530253632581,0.0502748566843113,0.4420673143647283,0.1516819384544844,0.20234932004192738,-0.03493289718938682,-0.08582936527191126
2,-1.428768145524808,4.135180339688034,0.5169514933052056,-0.5396408784155365,1.5966377807236742,0.5636721258920404,0.44671525118711797,-0.41029892354882885,-0.09935532916361568
