cluster_hard_1.8,solar_power,solar_seas_ind,wind_power,wind_std,offshore_wind_potential,hydro_potential,geothermal_potential,evi,res_area
0,-0.01790636550796814,0.29581805752712714,-0.4066539049360533,0.2836407059147449,0.17584238287835335,6.871491873271657,0.14399004319648936,-0.004247215501417221,-0.2045455431508585
1,0.10399318310455193,0.10607873837597048,0.07893747994391381,0.022305249354445448,0.49440940843467596,0.0,0.24502567947509338,-0.05857570552955811,-0.09520138433847598
2,-2.2349249032640666,6.16062480685437,0.6425869450226326,-0.6713388376217717,1.8534966528529921,0.2717458872705445,0.3390281908917264,-0.4585978206712054,-0.035148157799281446
