,partition_coefficient,partition_entropy,avg_max_membership,frac_ambiguous,effective_clusters,hard_cluster_sizes
0,0.8445374514164701,0.31733028261288704,0.9070271144178261,0.0227088402270884,1.4157842015201951,"{0: 349, 1: 779, 2: 105}"
