,solar_power,solar_seas_ind,wind_power,wind_std,offshore_wind_potential,hydro_potential,geothermal_potential,evi,res_area
0,-0.00942657143733013,0.34280013458850833,0.026703734864862178,0.0807052363605764,0.39878163715221654,0.5093939760854956,0.182049002111299,-0.010780076823896098,-0.07259604275701616
1,-0.4064521117463235,1.4200655682575876,0.215782778450789,-0.208411645923321,0.9673367322988234,0.9323439028159987,0.34627747991590785,-0.2303808428715312,-0.14512607690936072
2,-0.08867694541392612,0.5798201316394546,-0.26704528241060305,0.17763134633481492,0.3332602797915729,5.262032109462884,0.18900135662232292,-0.05449019629397098,-0.17994397868592374
