,solar_power,solar_seas_ind,wind_power,wind_std,offshore_wind_potential,hydro_potential,geothermal_potential,evi,res_area
0,0.17143995326228637,-0.1642485311593592,0.1378431601958855,-0.1501210587926075,-0.03975402149996112,-0.4860409835275417,-0.11980727455900315,-0.16424785262909505,0.2014401524280363
1,-0.15655283841200351,0.14998588875406912,-0.12587344766322628,0.13708518587521065,0.03630195170777567,0.44383525606418245,0.10940372146464043,0.14998526914448107,-0.18394794814548654
