,count,mean,std,min,5%,25%,50%,75%,95%,max
max_membership,126.0,0.7287667202779982,0.08656361123467735,0.5134328355645356,0.5714927162979915,0.674993956753751,0.7285521113291886,0.7919769829923075,0.8588575370338947,0.9171929464342328
second_membership,126.0,0.27123327972200184,0.08656361123467735,0.0828070535657671,0.14114246296610533,0.20802301700769255,0.2714478886708114,0.32500604324624893,0.4285072837020084,0.4865671644354644
margin,126.0,0.4575334405559961,0.1731272224693547,0.026865671129071178,0.1429854325959831,0.349987913507502,0.45710422265837714,0.5839539659846149,0.7177150740677893,0.8343858928684657
ratio,126.0,3.145580207369266,1.6030908758066862,1.0552147228435398,1.3339859068196835,2.0768863290399415,2.6839483876762387,3.8071637053124587,6.085801880054689,11.07626593314033
