,solar_power,solar_seas_ind,wind_power,wind_std,offshore_wind_potential,hydro_potential,geothermal_potential,evi,res_area
0,-0.2633111048685513,1.0391648535987776,0.14602830257561947,-0.12393545254299017,0.7975263783029121,1.017390989983735,0.29582752691838865,-0.17549600481940722,-0.13472560672376432
1,-0.11375146872571258,0.6480587779431548,-0.2309839809500295,0.15336529700094662,0.3703602937781453,4.8621303941528815,0.19767342733085494,-0.06160030548052513,-0.1718176468594695
2,-0.04856215982579216,0.4438551657248721,0.02830440415133507,0.0707427310582911,0.4287489626741555,0.700994758559939,0.19318776287433745,-0.020241128900141157,-0.07796206457573511
