,solar_power,solar_seas_ind,wind_power,wind_std,offshore_wind_potential,hydro_potential,geothermal_potential,evi,res_area
0,-0.1432606765331174,0.1890107634673959,0.22961175818179852,-0.2107687960556585,0.30257140022048956,-0.30208120572540836,0.08731589539715734,-0.15230733158673912,-0.01752296685566464
1,0.01708638513029091,-0.014194267725224561,-0.3233947297913863,0.15193181940966194,-0.16310438406908428,0.9195407360886559,-0.032726558289310016,0.02428489589295356,-0.06500556558956146
2,0.08697766330903248,-0.12029131907095542,0.05693282313671154,0.043864114695517153,-0.0994518841005449,-0.4026124870381184,-0.038212525457643386,0.08841119005024822,0.055141693396738266
