cluster_hard_2.7,solar_power,solar_seas_ind,wind_power,wind_std,offshore_wind_potential,hydro_potential,geothermal_potential,evi,res_area
0,-0.8744319868105666,1.1106889032800615,0.8952283772658147,-0.9199185423137265,1.3756375238131604,-0.619140245977236,0.3495091616949897,-0.5984142292768755,-0.005975313055272024
1,0.09314494988656374,-0.16004183186874243,-0.5576148496030652,0.30760922345201164,-0.34976139617373075,1.5540481830044,-0.10037679680313347,0.10463584781623289,-0.11073209877406451
2,0.34918924422488457,-0.4190643662162641,-0.08643761955151905,0.2444373735625513,-0.43016853616400624,-0.6253455485363482,-0.10254242139485226,0.21498787617913812,0.0676903121206153
