feature,z
hydro_potential,0.7048781554536229
solar_power,-0.2493154789137507
res_area,-0.24633551201372542
solar_seas_ind,0.24448126044395688
