feature,z
solar_seas_ind,1.7975920732028197
solar_power,-1.39277970976801
offshore_wind_potential,1.1737239625102378
wind_power,0.77368668617873
