feature,z
hydro_potential,1.0581396687881874
wind_std,0.8503138724336704
wind_power,-0.824402472110833
offshore_wind_potential,-0.8112407208645785
