feature,z
solar_seas_ind,0.951730908460951
hydro_potential,0.7894998526719583
offshore_wind_potential,0.7573771001460137
solar_power,-0.7243792142858781
