cluster_hard_2.7,solar_power,solar_seas_ind,wind_power,wind_std,offshore_wind_potential,hydro_potential,geothermal_potential,evi,res_area
0,-0.03598560434441092,-0.060589201199653185,0.1605511800932932,0.05369969854269592,0.41629798834018317,-0.04421087426528276,1.76633484418836,-0.017063740217787945,0.16060971525229467
1,-0.7243792142858781,0.951730908460951,0.37387203084550463,-0.5517379932368612,0.7573771001460137,0.7894998526719583,-0.5178532397617507,-0.24748358514942193,0.06421046321347733
2,0.22557344071628882,-0.10094306436926843,0.243363786831686,-0.3148647288577681,-0.10740523893144971,-1.0057679701149411,-0.5621184810026895,-0.3752901969770832,0.0670217152318948
3,0.21218571644489007,-0.4786126633618355,-0.824402472110833,0.8503138724336704,-0.8112407208645785,1.0581396687881874,-0.5276953364384387,0.7942958177106223,-0.3171123918571451
