cluster_hard_2.7,solar_power,solar_seas_ind,wind_power,wind_std,offshore_wind_potential,hydro_potential,geothermal_potential,evi,res_area
0,-0.0777765719515142,0.5586003366734289,0.10255289934430076,0.09554149907493781,1.4246633151983095,2.9114455370630035,8.51330219043497,0.0055750267911410635,0.004936625218863745
1,-0.6120994792701591,2.032199818336335,0.22952399573703397,-0.3547448099769515,1.8041021931866534,5.435792126173399,0.1618427868575362,-0.12532928570131383,-0.06076459236222336
2,0.1252424383559824,0.4998586093459163,0.15184394349510313,-0.1785734394485869,0.8420613378953234,0.0,0.0,-0.19793777416832936,-0.05884857458583085
3,0.11485104649561577,-0.04990200491459736,-0.483703177712378,0.688012798715121,0.05906837142739994,6.249191764203119,0.1258580658886308,0.46651824609724524,-0.32065640002425794
