,count,mean,std,min,5%,25%,50%,75%,95%,max
max_membership,230.0,0.5483028971347905,0.12563397422409547,0.2775403173330268,0.3474119982799906,0.4243752401118529,0.5812396903704042,0.6490184138570946,0.7169595441356572,0.7716193630062393
second_membership,230.0,0.2103599092217765,0.06969126717122288,0.0981922855706257,0.12363413540860162,0.15136448612160497,0.19781312384912342,0.25688911143517357,0.3471269262607553,0.3967746116665965
margin,230.0,0.33794298791301397,0.18593676490699143,0.0012078821308408316,0.035258650319578186,0.15876212958424588,0.3850616770959019,0.4949021886332796,0.5777962206142285,0.6734270774356137
ratio,230.0,3.0672627081269166,1.5443201182089517,1.00325545857066,1.1078389257783745,1.6171958216989293,2.9933576827747315,4.217877058837989,5.609367987291413,7.858248318817725
