cluster_hard_2.7,solar_power,solar_seas_ind,wind_power,wind_std,offshore_wind_potential,hydro_potential,geothermal_potential,evi,res_area
0,-0.2751327705627541,0.27296031895079953,-0.17572835613096713,0.21861068693521482,0.05425035508068511,0.7278600597251995,0.13243730816853863,0.26602031100716284,-0.2737376383215921
1,0.4323514965986136,-0.428937644065542,0.2761445596343769,-0.34353107946962314,-0.08525055798393313,-1.1437800938538853,-0.20811576997913211,-0.4180319172969702,0.4301591459339304
