,partition_coefficient,partition_entropy,avg_max_membership,frac_ambiguous,effective_clusters,hard_cluster_sizes
0,0.5442270638550671,0.6478311480653909,0.6371038398204856,0.24603174603174602,1.9124946450001277,"{0: 77, 1: 49}"
