cluster_hard_2.4,solar_power,solar_seas_ind,wind_power,wind_std,offshore_wind_potential,hydro_potential,geothermal_potential,evi,res_area
0,-1.8495650816130942,2.156892720755214,1.0045491745805268,-0.7410236056530498,0.9737144312852917,-0.38982174375340606,-0.026251604652954157,-0.6143853590042643,0.13392833537213022
1,0.2094896930527233,-0.28641599777456483,-0.5051208538819928,0.4312296389735348,-0.3429470465252014,1.0223330309183278,-0.11069880914561275,0.35523630828379377,-0.10399447236916817
2,0.34993850007194915,-0.36402410102205984,0.2193420703440766,-0.22312528210983643,0.059170931353966935,-0.9495724804212026,0.12388540176862699,-0.18259018128019527,0.06758549867170521
