,solar_power,solar_seas_ind,wind_power,wind_std,offshore_wind_potential,hydro_potential,geothermal_potential,evi,res_area
0,-0.49426412509687334,0.5693256418771165,0.3854901075775798,-0.3145939812288756,0.41763457113452,-0.3069137961467844,0.09423171245768829,-0.28495140624705506,0.038258342140255995
1,0.14888264480446392,-0.169686602564215,-0.3699407618519184,0.3360292900862196,-0.2881908749535863,0.7357904318643625,-0.08199074592533566,0.2733693096182698,-0.0648985403927246
2,0.1280174691626376,-0.14936953927367455,0.16867001341210933,-0.17374972355256688,0.0636198397993521,-0.6010854949474111,0.03230230911344479,-0.12458637541301278,0.04655447752438096
