,count,mean,std,min,5%,25%,50%,75%,95%,max
max_membership,459.0,0.6918773244203221,0.12792385390946445,0.3943524809531363,0.4537382914206995,0.5947186993920539,0.7133724889878305,0.7953547508955564,0.8697195024954777,0.9334257236964784
second_membership,459.0,0.18462778245458386,0.08382159413436097,0.0352468345922472,0.06990143390737474,0.1158810976045725,0.1727615552616913,0.24573843980884846,0.33711358490784954,0.4346180402299243
margin,459.0,0.5072495419657383,0.20983766282685962,0.006080963343122303,0.11919007869344654,0.342072188130685,0.5367047875902953,0.6768823736697402,0.7997705990209141,0.8981788891042312
ratio,459.0,5.145770767678953,3.6175551611844634,1.0139915115808478,1.356077851950475,2.393838664939482,4.130251542612937,6.8785646198662835,12.438825129315534,26.482540474763432
