feature,z
hydro_potential,0.7278600597251995
solar_power,-0.2751327705627541
res_area,-0.2737376383215921
solar_seas_ind,0.27296031895079953
