feature,z
hydro_potential,-1.1437800938538853
solar_power,0.4323514965986136
res_area,0.4301591459339304
solar_seas_ind,-0.428937644065542
