feature,z
hydro_potential,0.20254646604910703
solar_power,-0.1238980627444211
solar_seas_ind,0.12009832083159153
geothermal_potential,-0.09819009917681178
