,solar_power,solar_seas_ind,wind_power,wind_std,offshore_wind_potential,hydro_potential,geothermal_potential,evi,res_area
0,-0.1563833093782995,0.8171370013079462,0.025766904910990443,-0.04061803981953716,0.9214928333139268,1.7202099367997639,0.362207261500116,-0.06232977545631665,-0.1340383434346249
1,-0.33950547421959115,1.2690419151767462,0.06739995842681146,-0.06931008776712308,1.0824155211239335,2.2428323661259073,0.3992114439572278,-0.09214896328541676,-0.14484323908196567
2,-0.09204834180512927,0.6786697411705193,-0.24392596694825278,0.25408781944439357,0.5948137091759931,5.020788307211686,0.27278268499100006,0.13916471233403227,-0.19285605402904007
