,solar_power,solar_seas_ind,wind_power,wind_std,offshore_wind_potential,hydro_potential,geothermal_potential,evi,res_area
0,0.028082336509320037,-0.03668368716958812,0.14174751823387846,-0.13869021640363097,0.06889484027029821,-0.42171305219829613,0.023849880885001704,-0.10634094255695543,0.03578374112304089
1,-0.1522519609401211,0.17611019359731742,0.20868193432042523,-0.17803056434951697,0.2163539430825594,-0.261342407418864,0.06290570569524541,-0.1542127194793568,0.02026679908306421
2,0.0914378630715758,-0.10188542483504352,-0.29184390435400503,0.2653879820684242,-0.23045269865316953,0.5910943814407353,-0.07053270945916189,0.21713866479773639,-0.04868454399568517
