,solar_power,solar_seas_ind,wind_power,wind_std,offshore_wind_potential,hydro_potential,geothermal_potential,evi,res_area
0,0.15774856179421998,-0.05167182167948151,0.1607689812219392,-0.24738116252856443,-0.047599554035552424,-0.6248260030409196,-0.4174794199309275,-0.297590987721334,0.0872403303108182
1,-0.1634436102044746,0.07666950042188377,-0.0551333439251781,0.16367005471438023,0.12976506353187336,0.42542410330292924,0.7705360806488397,0.1061798463425468,-0.03557347870729059
2,-0.05407658272208858,0.147786976602521,0.323694137944417,-0.217172255573203,0.43795700866339055,-0.40012544503463554,0.9465654247605462,-0.18348901157200762,0.14122569626114437
3,-0.059890431695314515,-0.05656116561939821,-0.30405823678685046,0.2894783742757746,-0.23148935532640338,0.6511390230343221,-0.4057637004644631,0.3529049628801616,-0.14505814749106954
