cluster_hard_2.4,solar_power,solar_seas_ind,wind_power,wind_std,offshore_wind_potential,hydro_potential,geothermal_potential,evi,res_area
0,0.22557344071628882,-0.10094306436926843,0.243363786831686,-0.3148647288577681,-0.10740523893144971,-1.0057679701149411,-0.5621184810026895,-0.3752901969770832,0.0670217152318948
1,-0.08458955466953154,-0.24370068426350416,-0.2843801634386206,0.47016031999300906,0.04948297882364322,0.968704318593601,1.6650807051734975,0.34725392816112377,-0.14677787985693605
2,0.054407100440167964,0.10953232784235996,0.5137666850874821,-0.3227047091794927,0.6984409528874019,-0.9634836556771432,1.8280841410575017,-0.3620640949164313,0.3066702385183785
3,-0.20114511446384534,0.13595479318678422,-0.2985042300003305,0.24799866801415632,-0.132442555751861,0.9370925658666023,-0.5621184810026895,0.35487845794692885,-0.11229789024443942
