cluster_hard_2.4,solar_power,solar_seas_ind,wind_power,wind_std,offshore_wind_potential,hydro_potential,geothermal_potential,evi,res_area
0,0.1252424383559824,0.4998586093459163,0.15184394349510313,-0.1785734394485869,0.8420613378953234,0.0,0.0,-0.19793777416832936,-0.05884857458583085
1,-0.11550237833588439,0.2920512639498984,-0.162275504951538,0.405278601083111,1.0165941288346654,5.978395414923817,8.143096322814623,0.2125483190531229,-0.20456437028540017
2,-0.0076148329066109055,0.8062403811847046,0.3127909504953328,-0.18440432155262704,1.7385377396193706,0.128030336512585,8.739070265150726,-0.1904238649487551,0.10448464054213845
3,-0.20597141330956073,0.8447026530137742,-0.17068231661828576,0.24004879851103772,0.8142081769325267,5.8826799376078975,0.0,0.216879907028912,-0.18106442343091567
