,partition_coefficient,partition_entropy,avg_max_membership,frac_ambiguous,effective_clusters,hard_cluster_sizes
0,0.5269028204293335,0.918103121732792,0.6846108810224312,0.25217391304347825,2.5626079787499116,"{0: 84, 1: 28, 2: 28, 3: 90}"
