feature,z
hydro_potential,0.8077254263805858
wind_power,-0.2793930048919846
offshore_wind_potential,-0.13214351680170797
wind_std,0.12748448982716298
