,solar_power,solar_seas_ind,wind_power,wind_std,offshore_wind_potential,hydro_potential,geothermal_potential,evi,res_area
0,0.10459689963806021,0.570160566799631,0.14805740789427338,-0.17925344558453388,0.8659199141842341,0.2291871883499118,0.02683017997804716,-0.1984775409850465,-0.05030656967145052
1,-0.012567400144324262,0.8423549643686733,0.3115382635101043,-0.19082490439969954,1.7099573195145934,0.364798449853718,8.413304784463428,-0.1765650961189742,0.08802191265311868
2,-0.1734845306196847,0.48346856939476457,-0.14107559146756948,0.38779114064970266,1.0663828849838692,5.826097318397343,7.831064427112325,0.18422785829149435,-0.1879638562775872
3,-0.17545790940452718,0.7117563845189565,-0.1868064317550461,0.2625000490406407,0.7712776694720899,5.832336012386029,0.034129459663982,0.23685404424510828,-0.1955453419715737
