,partition_coefficient,partition_entropy,avg_max_membership,frac_ambiguous,effective_clusters,hard_cluster_sizes
0,0.9260118805266501,0.16788231214520166,0.9568963244845692,0.008695652173913044,1.211747282348277,"{0: 84, 1: 28, 2: 28, 3: 90}"
