feature,z
hydro_potential,0.9204655818087635
geothermal_potential,-0.5527838124964007
evi,0.39003725075036993
wind_power,-0.32559393825929756
