feature,z
geothermal_potential,1.7389847880953762
hydro_potential,-0.8852867405860345
offshore_wind_potential,0.6727498999408603
wind_power,0.5116620781256849
