feature,z
hydro_potential,-0.6253455485363482
solar_seas_ind,-0.28239381911670025
solar_power,0.2385465563887584
wind_power,0.1300222094550033
