feature,z
hydro_potential,-0.6124530346151098
solar_seas_ind,-0.2826468506116807
solar_power,0.23053347988751188
wind_power,0.11507141027555942
