feature,z
hydro_potential,-0.9495724804212026
solar_power,0.38635127904677935
solar_seas_ind,-0.3846376249902243
wind_std,-0.20789576608318833
