feature,z
solar_seas_ind,1.9854005790637022
solar_power,-1.7431479638969936
offshore_wind_potential,0.9862273981915598
wind_power,0.9723255407446519
