,solar_power,solar_seas_ind,wind_power,wind_std,offshore_wind_potential,hydro_potential,geothermal_potential,evi,res_area
0,-0.06746304864142313,0.5310830229523069,-0.14586542225765545,0.2552389358031096,0.7287475268253003,4.4972019680385875,1.3060669762678045,0.18143648418473104,-0.19096827010776338
1,-0.07522629974167046,0.7421175168765879,0.11739588035501995,-0.013321492721516063,1.2741737420675043,2.4830343464771145,5.00668273971746,-0.03980246054299858,-0.04182955748696994
2,0.0582285361468166,0.5563636435513336,0.0751694228075904,-0.07595120897119022,0.9161564880376686,1.5709444542786477,1.1642105872779493,-0.11728988287780187,-0.05579677221883229
3,-0.14601317334271094,0.8216209328932009,0.01186102957034533,0.042693511561984684,1.0423624530643703,3.658588437153664,1.696217169772615,0.03199031165730619,-0.11492190570822115
