cluster_hard_3.0,solar_power,solar_seas_ind,wind_power,wind_std,offshore_wind_potential,hydro_potential,geothermal_potential,evi,res_area
0,0.2005995825124062,-0.4518464429721834,-0.8186953109949874,0.8942373900587262,-0.8118430114410289,1.062426061593838,-0.5276953364384387,0.7978581047551451,-0.3847495162355242
1,-0.03598560434441092,-0.060589201199653185,0.1605511800932932,0.05369969854269592,0.41629798834018317,-0.04421087426528276,1.76633484418836,-0.017063740217787945,0.16060971525229467
2,0.22557344071628882,-0.10094306436926843,0.243363786831686,-0.3148647288577681,-0.10740523893144971,-1.0057679701149411,-0.5621184810026895,-0.3752901969770832,0.0670217152318948
3,-0.7086339553519897,0.9153563012647574,0.3661161452265351,-0.6114289274452703,0.7581955975960618,0.7836747547565873,-0.5178532397617507,-0.2523246419022347,0.15612758095845414
