,count,mean,std,min,5%,25%,50%,75%,95%,max
max_membership,230.0,0.49968568070987,0.10727386000604454,0.2732883267661843,0.32886290098943255,0.3917717814641125,0.5270789939578133,0.585834317094694,0.6506566556193512,0.6993937318522495
second_membership,230.0,0.22464186722176677,0.059366436055311916,0.1269215117729952,0.1456441007686557,0.1745229388433063,0.21724304967629748,0.26164255127249175,0.33258120755033815,0.3860201153612981
margin,230.0,0.27504381348810325,0.1566218552046963,0.0019205553101196982,0.03071606275674054,0.11967239842642019,0.30808702191888393,0.40621517656384265,0.4809456700456313,0.5724722200792542
ratio,230.0,2.4794288688149377,1.070789913011374,1.0070773154078492,1.097629720910142,1.4322440511775294,2.4420320932911164,3.3386716667438927,4.184734164211428,5.510442808963278
