feature,z
hydro_potential,0.7127461388902445
solar_power,-0.25828162317055753
solar_seas_ind,0.25719661141713596
res_area,-0.2552842998750468
