cluster_hard_1.8,solar_power,solar_seas_ind,wind_power,wind_std,offshore_wind_potential,hydro_potential,geothermal_potential,evi,res_area
0,0.11984459631712174,-0.19720622032520194,-0.5810696437160894,0.3223279365162415,-0.3751583930323782,1.557992348508905,-0.09838133155668037,0.11320932386559376,-0.10690149693556229
1,0.25053650586045284,-0.29578813113276176,0.13120207282132856,-0.019490580358386456,-0.027872045054215887,-0.6253455485363482,0.025185241206190753,0.02897445700611751,0.03307313907228632
2,-2.25708287790446,2.8499421432944465,0.957970389800955,-0.9267551213808115,1.4537390691955636,-0.5390014030456429,0.14015030298722694,-0.5912491051129309,0.10994901993524023
