,solar_power,solar_seas_ind,wind_power,wind_std,offshore_wind_potential,hydro_potential,geothermal_potential,evi,res_area
0,0.126463448423222,-0.1708429672044812,-0.5054258335772874,0.2717059256229869,-0.30308225508954323,1.3644849916021533,-0.05516015681631073,0.07539398133942941,-0.1036712380063815
1,0.214541603758665,-0.2731795113411174,0.0931204156030426,0.01709278196411,-0.08493286188965994,-0.577150348624501,-0.02700794198524794,0.06563199730747445,0.04507053309634146
2,-1.39277970976801,1.7975920732028197,0.77368668617873,-0.7544983534557765,1.1737239625102378,-0.4462451818815886,0.2718515666375858,-0.516362960358023,0.027755553558703575
