,count,mean,std,min,5%,25%,50%,75%,95%,max
max_membership,1233.0,0.9070271144178261,0.10331280265174307,0.4283167285010214,0.6793130803016066,0.8769201710975606,0.9506736264080268,0.9739255951786292,0.987014246126254,0.9972618934974128
second_membership,1233.0,0.05957118506283251,0.07302726469397543,0.0018586978773329,0.00697694320183762,0.0148518392429474,0.0290176888771631,0.0757176708901096,0.21158512163434182,0.4379004140373114
margin,1233.0,0.8474559293549937,0.17558685504281243,0.028552970606234795,0.4694659830461366,0.7976350300801069,0.921712020488376,0.9587475711954049,0.9799351144467757,0.9954031956200798
ratio,1233.0,47.522903683915104,51.09680355030788,1.0652042557872574,3.256396163314123,11.409715801386776,33.08968923175735,65.5998778060637,141.54028482144653,536.5379202608297
