cluster_hard_1.5,mu_1.5_0,mu_1.5_1,_maxu,_second,_margin
0,0.5404036373596802,0.4595963626403198,0.5404036373596802,0.4595963626403198,0.08080727471936044
1,0.4035019381906984,0.5964980618093015,0.5964980618093015,0.4035019381906984,0.19299612361860313
