,solar_power,solar_seas_ind,wind_power,wind_std,offshore_wind_potential,hydro_potential,geothermal_potential,evi,res_area
0,0.34037616035033297,-0.3227369538614727,0.23639297489747343,-0.25624969766074746,-0.06692163302146174,-0.93992309288633,-0.1581857182503501,-0.3183739528282352,0.36167423277036465
1,-0.2382475355099051,0.22590090856048586,-0.16546412540528802,0.17936291096296128,0.04684204123829186,0.6579025987558319,0.11072267072764566,0.22284701006616678,-0.2531551990194805
