,solar_power,solar_seas_ind,wind_power,wind_std,offshore_wind_potential,hydro_potential,geothermal_potential,evi,res_area
0,0.2751081008448045,0.055212377089311926,0.08916875075948598,-0.05570443695407634,1.2534090171219106,0.8600460373430453,0.9793152126140278,-0.16985747751120575,0.029251333784614857
1,-0.11156861417517484,0.6219604409012635,-0.17071698282692774,0.2881611008772349,1.3814743027566432,4.482293303858628,1.3929658741592463,0.23663659462274803,-0.4997229257193823
