,count,mean,std,min,5%,25%,50%,75%,95%,max
max_membership,126.0,0.9018932190526661,0.08684523741502712,0.5404036373596802,0.7144266490966578,0.8721810556425776,0.9257591132200903,0.9627758374061726,0.9895512885823665,0.9967944100713638
second_membership,126.0,0.09810678094733385,0.08684523741502713,0.0032055899286361,0.010448711417633375,0.0372241625938273,0.07424088677990955,0.1278189443574223,0.28557335090334224,0.4595963626403198
margin,126.0,0.8037864381053325,0.17369047483005426,0.08080727471936044,0.42885329819331547,0.7443621112851553,0.8515182264401808,0.9255516748123453,0.9791025771647331,0.9935888201427278
ratio,126.0,26.279867284506828,39.11699693346349,1.1758222677288686,2.501798857154344,6.8248407838562155,12.47213342748443,25.864297716213436,94.7059400385815,310.9550604607357
