feature,z
geothermal_potential,1.76633484418836
offshore_wind_potential,0.41629798834018317
res_area,0.16060971525229467
wind_power,0.1605511800932932
