feature,z
solar_seas_ind,0.9153563012647574
hydro_potential,0.7836747547565873
offshore_wind_potential,0.7581955975960618
solar_power,-0.7086339553519897
