feature,z
hydro_potential,1.062426061593838
wind_std,0.8942373900587262
wind_power,-0.8186953109949874
offshore_wind_potential,-0.8118430114410289
