,solar_power,solar_seas_ind,wind_power,wind_std,offshore_wind_potential,hydro_potential,geothermal_potential,evi,res_area
0,-0.011579767446899324,0.1691907768144577,0.46840641393590654,-0.30529083743296365,0.625211372537364,-0.6954553168026367,1.4930720344193922,-0.2894896866068838,0.2369936468937906
1,0.18925583210835406,-0.05403566520569188,0.21244728825987136,-0.30283365622161357,-0.06805891029436238,-0.823436419171245,-0.5206892754582745,-0.358635621887698,0.09044635325099444
2,-0.12011874831204075,-0.009332893151545053,-0.3371037283057361,0.3047377430965949,-0.21295902431292052,0.8464086079593972,-0.5139890471360656,0.4012597814624462,-0.1518881254898754
3,-0.19892063447380884,0.0009964367868487917,-0.17834511127090408,0.35238789229485845,0.11644852258943707,0.7673684404607442,1.3141247065542625,0.2308644695548888,-0.09270152154857024
