,partition_coefficient,partition_entropy,avg_max_membership,frac_ambiguous,effective_clusters,hard_cluster_sizes
0,0.7845408658551751,0.4568199463728117,0.8707608158482146,0.043478260869565216,1.643562474369986,"{0: 28, 1: 84, 2: 90, 3: 28}"
