feature,z
hydro_potential,0.9174110380131724
wind_power,-0.4506155595039456
wind_std,0.40744073227147337
offshore_wind_potential,-0.334748860355174
