feature,z
solar_seas_ind,1.399030044747491
solar_power,-1.1964859751694206
offshore_wind_potential,0.7159490217053102
wind_power,0.6993074569779576
