,solar_power,solar_seas_ind,wind_power,wind_std,offshore_wind_potential,hydro_potential,geothermal_potential,evi,res_area
0,-0.0588330525197579,0.893083128496689,0.2857919799752065,-0.17145298379894358,1.657072329273768,0.9395785164290914,7.51419739765168,-0.14919346212851717,0.05699633736741847
1,0.09705314383318413,0.5681400930722209,0.13344207744944664,-0.16962548763649235,0.8858327864369044,0.5520716164979546,0.15147365957198652,-0.18847610778027674,-0.04288343785809621
2,-0.14307971456851853,0.633212377124714,-0.19365719508311854,0.2822477382942446,0.7246363520012353,5.608102998108694,0.17597106642775603,0.24322970024698468,-0.20804727448975385
3,-0.2042447984799293,0.6482484265895868,-0.09916218629412091,0.31768690916117875,1.0910910121408386,5.368781647451587,6.859929321154292,0.14642605399935227,-0.16770845586627042
