,count,mean,std,min,5%,25%,50%,75%,95%,max
max_membership,230.0,0.8707608158482146,0.11449942092110761,0.3610845317196295,0.6226583580077583,0.821910939074466,0.9184083338534538,0.9490355718202227,0.9725461206409807,0.989273785056972
second_membership,230.0,0.07499062046286399,0.06913268388892398,0.0062642134658538,0.01501190877471702,0.028418500717592773,0.046573227446679605,0.09946048907221103,0.21720976438455408,0.4318410205262307
margin,230.0,0.7957701953853505,0.1821815055609379,0.02794097012293989,0.42463539128908234,0.7262851894742308,0.874134573318891,0.9216446123472849,0.9575806062246387,0.9830095715911182
ratio,230.0,24.750834784299965,22.80014297993653,1.0647019824306911,2.9612386395059915,8.144503072641488,19.620373131575818,33.474466836058916,64.87282540058187,157.92466052593818
