feature,z
hydro_potential,-0.6253455485363482
solar_seas_ind,-0.3938561985654347
solar_power,0.3210424702551683
offshore_wind_potential,-0.30982917298892704
