feature,z
solar_seas_ind,2.2617581332174637
solar_power,-1.9274903159532424
wind_power,0.9991488175483594
offshore_wind_potential,0.8879937318640244
