feature,z
hydro_potential,1.0198559214401324
wind_power,-0.5057275641103162
wind_std,0.43127881693461606
evi,0.35175621127441664
