cluster_hard_2.7,solar_power,solar_seas_ind,wind_power,wind_std,offshore_wind_potential,hydro_potential,geothermal_potential,evi,res_area
0,0.19650841909006475,-0.27490012934628444,-0.4946340278808401,0.42680618214856053,-0.3349727484193024,1.0229664607235651,-0.11190729997097516,0.35251679610559133,-0.11319178867977586
1,-1.7431479638969936,1.9854005790637022,0.9723255407446519,-0.7415841161651123,0.9862273981915598,-0.4652142407495936,-0.01374489514021731,-0.5460591583574279,0.12406323837246246
2,0.38635127904677935,-0.3846376249902243,0.20211013527603094,-0.20789576608318833,0.024151494939182918,-0.9495724804212026,0.1261080141701802,-0.19456136459478,0.08010691103250804
