,solar_power,solar_seas_ind,wind_power,wind_std,offshore_wind_potential,hydro_potential,geothermal_potential,evi,res_area
0,0.11915086418861998,-0.1338580565893155,-0.32865100180330364,0.298281575487812,-0.25889555032604294,0.656149234593367,-0.07661910650807456,0.24351166425682294,-0.05491663790154546
1,-0.28862376502025033,0.3323208890483178,0.28165167183908985,-0.23411282166150885,0.3069790448082448,-0.269481338697905,0.08155986548810083,-0.2077737264881029,0.02282834845535421
2,0.07685995671041976,-0.09205367671635713,0.15173043175027864,-0.15291945814695093,0.05935286112846931,-0.5099700839670485,0.024133065062493467,-0.11306990527207304,0.042488387826585705
