cluster_hard_2.7,solar_power,solar_seas_ind,wind_power,wind_std,offshore_wind_potential,hydro_potential,geothermal_potential,evi,res_area
0,0.014646546251748967,0.31124284497215826,-0.3700609593616639,0.3718147582778519,0.48075057561810186,6.428190737646215,0.23358154396207317,0.22349134871448534,-0.23777431469621244
1,-1.9549958397197964,5.111385561813201,0.5423845327624719,-0.48032591182559653,1.9225813929280537,1.578446480834851,0.32658737744362626,-0.33622894761542127,-0.07256677557529555
2,0.20742427065928912,0.07819613639939445,0.06331231447161932,-0.0910916388933488,0.872664247930077,0.0,0.4590936706386557,-0.11728201462998661,-0.10317483795800929
