,solar_power,solar_seas_ind,wind_power,wind_std,offshore_wind_potential,hydro_potential,geothermal_potential,evi,res_area
0,-0.06390691318850651,0.6107702820930276,-0.2668198972678554,0.2780780637822342,0.563773915410209,5.2327917286660615,0.2670160125932552,0.15559237545925994,-0.19719564131007564
1,-0.4779855101288288,1.6007825677686156,0.11278696805160415,-0.11021249203710856,1.1813150442772775,2.2163088833337716,0.41688568169033774,-0.12551195565769638,-0.14305955814845447
2,-0.10685161444635807,0.6995491728099168,0.03197625425579838,-0.050995835331633585,0.9110796346626026,1.4325943048271,0.36247556972363415,-0.06652122636949989,-0.1293697039696161
