,partition_coefficient,partition_entropy,avg_max_membership,frac_ambiguous,effective_clusters,hard_cluster_sizes
0,0.47784697786045877,0.8917549083616895,0.6139790937206551,0.45751633986928103,2.4611831184715793,"{0: 205, 1: 65, 2: 189}"
