feature,z
solar_seas_ind,2.8499421432944465
solar_power,-2.25708287790446
offshore_wind_potential,1.4537390691955636
wind_power,0.957970389800955
