feature,z
hydro_potential,1.5563526120449667
wind_power,-0.5680278674648063
offshore_wind_potential,-0.36143140803905177
wind_std,0.3153500135826547
