feature,z
offshore_wind_potential,1.460665317267448
solar_seas_ind,1.4227745676240953
solar_power,-1.0972464890625857
wind_std,-0.9806675205914617
