feature,z
hydro_potential,-0.9300747914412296
geothermal_potential,-0.5547802213723021
evi,-0.3762403030800764
wind_std,-0.3157790390134789
