feature,z
geothermal_potential,1.5797375928462982
hydro_potential,0.9184051412484682
wind_std,0.44664735176134784
evi,0.29740380441166364
