feature,z
hydro_potential,-0.22201539562331646
res_area,0.09298738309558369
evi,-0.0752709445433787
solar_power,0.07433834117164206
