feature,z
hydro_potential,-0.35245818413862756
solar_seas_ind,-0.08856798554375737
evi,0.06882129145210554
offshore_wind_potential,-0.0674246564189691
