feature,z
hydro_potential,-0.2732003679313987
offshore_wind_potential,0.20527599596437562
wind_power,0.17308998235688505
wind_std,-0.14878183770502337
