feature,z
hydro_potential,-0.6253455485363482
offshore_wind_potential,-0.43016853616400624
solar_seas_ind,-0.4190643662162641
solar_power,0.34918924422488457
