feature,z
offshore_wind_potential,1.3756375238131604
solar_seas_ind,1.1106889032800615
wind_std,-0.9199185423137265
wind_power,0.8952283772658147
