cluster_hard_1.5,mu_1.5_0,mu_1.5_1,mu_1.5_2,mu_1.5_3,_maxu,_second,_margin
3,0.304359110179532,0.1111009184902236,0.1344560986445803,0.4500838726856638,0.4500838726856638,0.304359110179532,0.1457247625061318
1,0.0155859942920164,0.4860265755638456,0.480872204547329,0.0175152255968088,0.4860265755638456,0.480872204547329,0.005154371016516612
