,solar_power,solar_seas_ind,wind_power,wind_std,offshore_wind_potential,hydro_potential,geothermal_potential,evi,res_area
0,0.1989748114369694,-0.05264765834850295,0.23700212643242394,-0.3157790390134789,-0.08595867011194337,-0.9300747914412296,-0.5547802213723021,-0.3762403030800764,0.07955486020203008
1,0.04802647256037882,0.1343419991703425,0.5116620781256849,-0.3313375784910112,0.6727498999408603,-0.8852867405860345,1.7389847880953762,-0.33766967044026647,0.2825155163770202
2,-0.15929071865877828,-0.11220254650614334,-0.24876273782952532,0.44664735176134784,0.09423828912637187,0.9184051412484682,1.5797375928462982,0.29740380441166364,-0.12242099283519933
3,-0.16183311638658054,0.04462456215971544,-0.32559393825929756,0.2781857579277451,-0.17103295911698263,0.9204655818087635,-0.5527838124964007,0.39003725075036993,-0.1335448285440474
