,count,mean,std,min,5%,25%,50%,75%,95%,max
max_membership,230.0,0.9568963244845692,0.07645454211042278,0.4500838726856638,0.8204730005016374,0.9534150108038579,0.9871663934943278,0.9934967678198806,0.9976874700555259,0.9996425385234028
second_membership,230.0,0.030862584001369063,0.0564926906351721,0.0002624810091651,0.00163219086110585,0.004524413513042425,0.00874997758986545,0.02876766367607225,0.13422983713094905,0.480872204547329
margin,230.0,0.9260337404832001,0.13209556905483683,0.005154371016516612,0.6796112509203076,0.9258496195220065,0.9785355640919009,0.9889435334506604,0.9960178304883487,0.9993800575142376
ratio,230.0,202.68860870088227,368.7799723486534,1.01071879590414,6.103849613751855,33.32155724173607,112.88480426319443,219.49672867753588,611.2895157770797,3808.4375768862947
