feature,z
offshore_wind_potential,0.30257140022048956
hydro_potential,-0.30208120572540836
wind_power,0.22961175818179852
wind_std,-0.2107687960556585
