feature,z
hydro_potential,-0.4026124870381184
solar_seas_ind,-0.12029131907095542
offshore_wind_potential,-0.0994518841005449
evi,0.08841119005024822
