feature,z
hydro_potential,0.9195407360886559
wind_power,-0.3233947297913863
offshore_wind_potential,-0.16310438406908428
wind_std,0.15193181940966194
