feature,z
hydro_potential,1.0240234254554337
wind_power,-0.45100206957883154
wind_std,0.39615674481299007
evi,0.32088869928239144
