feature,z
solar_seas_ind,1.8306085007009536
solar_power,-1.5736902126927823
offshore_wind_potential,0.9971156900895213
wind_power,0.9719141710404842
