feature,z
hydro_potential,-0.9495724804212026
solar_seas_ind,-0.39896721199930557
solar_power,0.38947000683156013
wind_std,-0.193518056392494
