feature,z
hydro_potential,0.6579025987558319
res_area,-0.2531551990194805
solar_power,-0.2382475355099051
solar_seas_ind,0.22590090856048586
