feature,z
hydro_potential,-0.93992309288633
res_area,0.36167423277036465
solar_power,0.34037616035033297
solar_seas_ind,-0.3227369538614727
