cluster_hard_2.7,solar_power,solar_seas_ind,wind_power,wind_std,offshore_wind_potential,hydro_potential,geothermal_potential,evi,res_area
0,-0.9452925143734365,2.813106759289137,0.5998125654569174,-0.6661119689075102,1.7818538222359108,0.019529586402469323,0.5102128812747315,-0.4632190706500372,-0.12570491178164822
1,-0.042809780412314695,0.36734787171548205,-0.39066359436920156,0.27238759524715817,0.19913914013479275,6.859078631488183,0.14235842797613255,-0.009776802303415088,-0.2075378991070669
2,0.1960090111541537,-0.1311894249275547,-0.06943842376028608,0.2240899068025149,0.12538137922849993,0.0,0.14058768000058744,0.06139632701963272,-0.06815944463148528
