,partition_coefficient,partition_entropy,avg_max_membership,frac_ambiguous,effective_clusters,hard_cluster_sizes
0,0.48327113281325046,0.8742316645380557,0.6122950884435782,0.45255474452554745,2.4154990079321768,"{0: 278, 1: 353, 2: 602}"
