,count,mean,std,min,5%,25%,50%,75%,95%,max
max_membership,1233.0,0.6122950884435782,0.11363903569315978,0.3533192376354183,0.436019583678019,0.5119032793204344,0.6188057357066519,0.7057056577615155,0.7807591041662348,0.906761856070936
second_membership,1233.0,0.2620444943414623,0.09144633093409552,0.0472079335388127,0.1120095079044522,0.1914882114188529,0.2650606907760612,0.3340409998808425,0.3997195418813113,0.4469414897373933
margin,1233.0,0.3502505941021158,0.19975329726380409,0.0016379121079577175,0.051942435632903565,0.1654991943833159,0.3636714340426034,0.5114117036537562,0.66671882753923,0.8595539225321233
ratio,1233.0,2.957156414548637,1.9985259696802082,1.0042107464086258,1.1346102694421079,1.4771879990851022,2.388975073541639,3.718383900620086,6.968501161126114,19.207827754744407
