cluster_hard_1.5,solar_power,solar_seas_ind,wind_power,wind_std,offshore_wind_potential,hydro_potential,geothermal_potential,evi,res_area
0,-2.340034259553465,2.9672093134614483,1.0264882553600267,-1.016098083218614,1.4799496063753919,-0.5328339640820211,0.07490218515827478,-0.6208918671126598,0.16084636966604407
1,0.2385465563887584,-0.28239381911670025,0.1300222094550033,-0.01643109120705357,-0.01794501559349677,-0.6253455485363482,0.034344364590038846,0.02714675438670286,0.027411804329820533
2,0.11984459631712174,-0.19720622032520194,-0.5810696437160894,0.3223279365162415,-0.3751583930323782,1.557992348508905,-0.09838133155668037,0.11320932386559376,-0.10690149693556229
