,solar_power,solar_seas_ind,wind_power,wind_std,offshore_wind_potential,hydro_potential,geothermal_potential,evi,res_area
0,-1.9747629595649732,5.549702642657669,0.6441779139532253,-0.6770819939150646,1.8292641710756645,0.3341788011428279,0.4274664394278406,-0.464723825793038,-0.04757227992510154
1,0.08533587030296967,0.13137158975629762,0.06794039753453533,0.033455749685931686,0.4762773461918453,0.04057585624090647,0.224074746642775,-0.050245214898749155,-0.09298576866875274
2,-0.010823624735078427,0.30873008331502416,-0.3914041813736654,0.27363949665835524,0.1972965110579714,6.709263212723226,0.16034473417119904,-0.012603816028313827,-0.20591026798093492
