cluster_hard_1.5,solar_power,solar_seas_ind,wind_power,wind_std,offshore_wind_potential,hydro_potential,geothermal_potential,evi,res_area
0,-2.3122956909060215,6.386327401214749,0.6892990135399583,-0.7396455049603795,1.8775396735942982,0.2911563077898691,0.2856773132763009,-0.47771634676082847,0.004611387578513523
1,0.09280986323728889,0.13185859617753753,0.0781331078584852,0.024644364863796633,0.5035155085342691,0.0,0.25251474256189765,-0.059754508645599426,-0.09962385617212681
2,-0.01790636550796814,0.29581805752712714,-0.4066539049360533,0.2836407059147449,0.17584238287835335,6.871491873271657,0.14399004319648936,-0.004247215501417221,-0.2045455431508585
