,solar_power,solar_seas_ind,wind_power,wind_std,offshore_wind_potential,hydro_potential,geothermal_potential,evi,res_area
0,-1.9781559942568618,2.532528364375901,0.960304043581553,-0.9342669882824219,1.4273219907669372,-0.5191640592207105,0.2483102718384631,-0.6007473117730231,0.09404454006940044
1,0.23053347988751188,-0.2826468506116807,0.11507141027555942,-0.00490607837046261,-0.047638741455479396,-0.6124530346151098,-0.00043774748995629813,0.04189065933010688,0.03590941309251021
2,0.12743820045220952,-0.19049758354784888,-0.5587011521886128,0.3092466709276851,-0.3517701411831997,1.506446048361185,-0.07837954617901266,0.10025263884791057,-0.10864852085906783
