,count,mean,std,min,5%,25%,50%,75%,95%,max
max_membership,1233.0,0.9696913429258964,0.06845195292422357,0.4648793987594514,0.8412692398311314,0.9749121631049648,0.9944779743973824,0.9979309540452392,0.9992696647705589,0.9999390016147742
second_membership,1233.0,0.022037064853583938,0.05559298127215334,4.8186746027075255e-05,0.00042337479774866,0.001239133411511,0.0036239182996441,0.0170409677874563,0.10426052962646139,0.4818928035597321
margin,1233.0,0.9476542780723125,0.12358322249474162,0.005021774025710912,0.7244018778612568,0.9576669111488935,0.9909473369625544,0.9966137371820039,0.9988572411223894,0.9998908148687472
ratio,1233.0,685.0281111029041,1293.6486399277635,1.010888542881441,8.216281101888438,56.89133545928007,274.5253270250528,805.2576843257359,2360.175141673116,20751.328613327132
