,partition_coefficient,partition_entropy,avg_max_membership,frac_ambiguous,effective_clusters,hard_cluster_sizes
0,0.9489047538007164,0.11239215400884799,0.9696913429258964,0.010543390105433901,1.1378356848357423,"{0: 98, 1: 786, 2: 349}"
