feature,z
hydro_potential,0.34858109278926946
res_area,-0.14546948412857405
solar_power,-0.12066049208069053
evi,0.11773849613147432
