feature,z
hydro_potential,-0.3682767049395099
res_area,0.1536888356607121
solar_power,0.12747808001944602
evi,-0.12439098475729864
