feature,z
solar_seas_ind,1.1779249645641345
solar_power,-0.9115888716120496
offshore_wind_potential,0.876825037685112
wind_power,0.5673125465225335
