feature,z
hydro_potential,-0.5283075846449714
solar_seas_ind,-0.25123714089228477
solar_power,0.1927276556554622
offshore_wind_potential,-0.1088307962138742
