cluster_hard_2.4,solar_power,solar_seas_ind,wind_power,wind_std,offshore_wind_potential,hydro_potential,geothermal_potential,evi,res_area
0,0.3210424702551683,-0.3938561985654347,-0.028305003852704073,0.1691204342776807,-0.30982917298892704,-0.6253455485363482,-0.07271156536411846,0.14772854428011187,0.06954083318255781
1,-1.0972464890625857,1.4227745676240953,0.9643622301217738,-0.9806675205914617,1.460665317267448,-0.6020048096811456,0.36541076934183847,-0.600562733658943,-0.032975057266545975
2,0.10647819384830184,-0.17999255277527176,-0.5680278674648063,0.3153500135826547,-0.36143140803905177,1.5563526120449667,-0.09938474926607914,0.11059046370133255,-0.10873624964535189
