,solar_power,solar_seas_ind,wind_power,wind_std,offshore_wind_potential,hydro_potential,geothermal_potential,evi,res_area
0,0.12893602029891715,-0.17279597709707475,0.05458494074879274,0.056894756735461856,-0.1321208115295922,-0.46349144275764265,-0.05183522872363622,0.10308029757707754,0.06201089390130423
1,-0.29672614655118884,0.3869134461955672,0.331928524530642,-0.32126098686871923,0.4876904268527441,-0.32910394429094497,0.1490161827171821,-0.23740480113779533,-0.030836911051232194
2,0.04396948166186875,-0.04964868051449377,-0.3762899126378554,0.18367104493566921,-0.20354902313627962,1.046604929168174,-0.043332499872690826,0.035308929514640854,-0.075408319169098
