cluster_hard_2.4,solar_power,solar_seas_ind,wind_power,wind_std,offshore_wind_potential,hydro_potential,geothermal_potential,evi,res_area
0,0.16975582491029167,-0.08267159312722203,-0.02980650140751983,0.16650675743218593,0.2357691131754665,0.0,0.16497922418935895,0.018016452644434047,-0.06671387081430204
1,-1.1531170640624835,3.413773970792735,0.6469445834368135,-0.7125572642617306,1.85985012530986,0.07345894447979578,0.5232150145420777,-0.4646047794811712,-0.1467963352218614
2,-0.030373536836444327,0.3289489791562872,-0.39776267137431387,0.27830577352908853,0.18843419595893907,6.86633122644667,0.1431695871098997,-0.0059362870655299315,-0.20597879918496909
