,partition_coefficient,partition_entropy,avg_max_membership,frac_ambiguous,effective_clusters,hard_cluster_sizes
0,0.5600102842476357,0.7657327877699129,0.6887685170759844,0.3073803730738037,2.184547767934278,"{0: 656, 1: 226, 2: 351}"
