,count,mean,std,min,5%,25%,50%,75%,95%,max
max_membership,1233.0,0.6887685170759844,0.13371188297873596,0.3756442209860771,0.4593443783951766,0.5726397794600855,0.7204618904062385,0.7999304280364024,0.8663820750476838,0.9504672575414536
second_membership,1233.0,0.21151854408734802,0.10369076778032107,0.0258980992669913,0.07808717645310606,0.125523919882924,0.1860091208668597,0.2890314079787233,0.403788214184521,0.4621878890794029
margin,1233.0,0.47724997298863636,0.23439577134325437,6.273172706661168e-05,0.05227083928483885,0.27123306288362975,0.5319617183056593,0.675207568087469,0.7843882008504867,0.9245691582744623
ratio,1233.0,4.66865384027449,3.485720967707539,1.0001376511877886,1.1347911441820884,1.9374579487415025,3.8337962930808596,6.318759177456126,10.91413621750306,36.70027084778695
