,solar_power,solar_seas_ind,wind_power,wind_std,offshore_wind_potential,hydro_potential,geothermal_potential,evi,res_area
0,-0.1987582740860096,0.7322255257279198,-0.05643669925815087,0.2379877130663874,1.1060778295188585,4.799458365090187,5.756497347117643,0.10614323945099062,-0.14585913406826304
1,0.08593538447349694,0.5674807112739418,0.11752574887654224,-0.150658940956048,0.8996707903084498,0.8709930795503338,0.33590547171459684,-0.17241461379483053,-0.041721319986658505
2,-0.11538427424020979,0.586479588055842,-0.18765308196300803,0.2832735349909255,0.7027182797642448,5.30722064907997,0.3738151704683064,0.23365421234814376,-0.20913403828816737
3,-0.08410512512536074,0.8906110172108086,0.2430167290528605,-0.1397630951247644,1.5555808974826648,1.4564870253080853,6.434411688196156,-0.11680263496004153,0.02107999654656737
