feature,z
hydro_potential,0.9370925658666023
geothermal_potential,-0.5621184810026895
evi,0.35487845794692885
wind_power,-0.2985042300003305
