feature,z
hydro_potential,0.5569333578670301
res_area,-0.22625118049921894
solar_power,-0.19984673285100765
solar_seas_ind,0.18995888080262924
