feature,z
hydro_potential,-0.6618961590509552
res_area,0.26889175381183017
solar_power,0.23751097506453547
solar_seas_ind,-0.22575960266128975
