feature,z
hydro_potential,0.44383525606418245
res_area,-0.18394794814548654
solar_power,-0.15655283841200351
solar_seas_ind,0.14998588875406912
