feature,z
solar_seas_ind,2.24753616224007
solar_power,-1.912822963412776
wind_power,0.9969774335733073
offshore_wind_potential,0.8950651269543815
