feature,z
hydro_potential,1.506446048361185
wind_power,-0.5587011521886128
offshore_wind_potential,-0.3517701411831997
wind_std,0.3092466709276851
