feature,z
solar_seas_ind,2.532528364375901
solar_power,-1.9781559942568618
offshore_wind_potential,1.4273219907669372
wind_power,0.960304043581553
