,solar_power,solar_seas_ind,wind_power,wind_std,offshore_wind_potential,hydro_potential,geothermal_potential,evi,res_area
0,-0.02269820182918412,-0.07949279772663931,-0.2568100084929198,0.2684227437078874,-0.20926347296376843,0.4795136224093069,-0.2048991640107704,0.2924903834816721,-0.12682917972590066
1,-0.03269996738439793,0.06548177961951933,0.18548848808590776,-0.09267330269786965,0.2810223143986469,-0.18570135210702832,0.8072475784530386,-0.09693791239620492,0.09199264543940905
2,0.13923624381501276,-0.062125744510649394,0.11454491034119085,-0.17688281580265686,-0.0408008146993944,-0.4869353943487764,-0.24369797242310834,-0.2333325009210598,0.0714994323333453
3,-0.1238980627444211,0.12009832083159153,0.008182118423946437,-0.017357677468596653,0.07264622763881179,0.20254646604910703,-0.09819009917681178,0.02943286273436864,-0.015251146345626118
