cluster_hard_3.0,solar_power,solar_seas_ind,wind_power,wind_std,offshore_wind_potential,hydro_potential,geothermal_potential,evi,res_area
0,0.10585802756286539,-0.010939340717903593,-0.4803062078352486,0.7206803364328805,0.05839834370467801,6.262170295855556,0.1258580658886308,0.46854202463334477,-0.3667546977948
1,-0.0777765719515142,0.5586003366734289,0.10255289934430076,0.09554149907493781,1.4246633151983095,2.9114455370630035,8.51330219043497,0.0055750267911410635,0.004936625218863745
2,0.1252424383559824,0.4998586093459163,0.15184394349510313,-0.1785734394485869,0.8420613378953234,0.0,0.0,-0.19793777416832936,-0.05884857458583085
3,-0.5998781971307803,1.9792505567357,0.22490760077580682,-0.3991391561062145,1.8050127436816348,5.418154634440601,0.1618427868575362,-0.1280795488401157,0.0018818123003082182
