,partition_coefficient,partition_entropy,avg_max_membership,frac_ambiguous,effective_clusters,hard_cluster_sizes
0,0.3570117122453985,1.1948634826783946,0.49968568070987,0.7869565217391304,3.3234913332863214,"{0: 53, 1: 54, 2: 84, 3: 39}"
