cluster_hard_3.0,solar_power,solar_seas_ind,wind_power,wind_std,offshore_wind_potential,hydro_potential,geothermal_potential,evi,res_area
0,0.21059121223156466,0.04776475952062167,0.051680852665744036,-0.0806055614344174,0.8471355933245184,0.0,0.46902002027408607,-0.11258405376130357,-0.10401722540866186
1,-1.7829183664462933,4.782657589993771,0.5421286617485789,-0.492694788504456,1.9344638278843458,1.0048109770138547,0.33695523069580485,-0.3234469753217664,-0.07907702207560477
2,-0.05452378020045292,0.47715642576167555,-0.3429219812216469,0.3494612415573502,0.520681969095115,6.431635217629699,0.22693941474988152,0.20379030103086299,-0.23097431378111838
