cluster_hard_3.0,solar_power,solar_seas_ind,wind_power,wind_std,offshore_wind_potential,hydro_potential,geothermal_potential,evi,res_area
0,0.38947000683156013,-0.39896721199930557,0.18340996705720508,-0.193518056392494,0.0007586933686284047,-0.9495724804212026,0.13658471562996577,-0.18701924990055319,0.07889715596650733
1,-1.5736902126927823,1.8306085007009536,0.9719141710404842,-0.7585433765544367,0.9971156900895213,-0.6412386332249851,-0.002802211546417753,-0.5255389574124169,0.11471385445350518
2,0.12839114756306472,-0.19677441385918754,-0.45100206957883154,0.39615674481299007,-0.29838221207979204,1.0240234254554337,-0.11891769224701106,0.32088869928239144,-0.10342628760367138
