,partition_coefficient,partition_entropy,avg_max_membership,frac_ambiguous,effective_clusters,hard_cluster_sizes
0,0.4289112446588269,0.9594923144517113,0.5493605098748998,0.6949891067538126,2.6232007694249466,"{0: 185, 1: 63, 2: 211}"
