,count,mean,std,min,5%,25%,50%,75%,95%,max
max_membership,459.0,0.5493605098748998,0.10709318965953328,0.3508459022208769,0.39146706108326407,0.4618682884217834,0.537775358451721,0.6263540973611686,0.7381109051586854,0.8278471907141521
second_membership,459.0,0.2733463160631371,0.0842148159852404,0.0879449053285036,0.13300897100611178,0.19534824222124708,0.2926013690111129,0.33553451212041485,0.39851779232035256,0.4276541161840694
margin,459.0,0.2760141938117627,0.18621034225327585,0.001059595739751673,0.03125941677585801,0.11991805855953289,0.2447143794152925,0.4216582220542349,0.6056551668662759,0.7399022853856485
ratio,459.0,2.431565209112989,1.481164698796229,1.0029426809258652,1.0800433506953484,1.355028007322214,1.8419361294799774,3.150833519914202,5.552295369023646,9.413247846727065
