cluster_hard_1.8,solar_power,solar_seas_ind,wind_power,wind_std,offshore_wind_potential,hydro_potential,geothermal_potential,evi,res_area
0,0.3348232905645085,-0.35192271566501415,0.23341889130428292,-0.22794287251749698,0.0956691174481884,-0.9495724804212026,0.11657744979720987,-0.17425582116030608,0.05453687912545662
1,0.20263760979249393,-0.2816547017733374,-0.49559877023452625,0.42716827569364346,-0.3331419165117594,1.019671828123434,-0.11190729997097516,0.3486920348578617,-0.10892064564221368
2,-1.9256378846291773,2.2753555636644096,0.9889429896398189,-0.7578001385487945,0.8812787076815949,-0.3753102436054623,-0.0025239029606720117,-0.6603431170735901,0.20590054088952536
