,solar_power,solar_seas_ind,wind_power,wind_std,offshore_wind_potential,hydro_potential,geothermal_potential,evi,res_area
0,0.22028675472523507,-0.24799931590936836,0.22111326871975545,-0.23012237131708455,0.096722358493936,-0.8075937870093602,0.07203001157469002,-0.16066061942531024,0.05222853913277132
1,0.1865224861518469,-0.22744933010657883,-0.4506155595039456,0.40744073227147337,-0.334748860355174,0.9174110380131724,-0.09590794422032396,0.32895389231952854,-0.08916910049642905
2,-1.1964859751694206,1.399030044747491,0.6993074569779576,-0.5444721777088222,0.7159490217053102,-0.38400970474690055,0.0762077348002166,-0.5126956227868498,0.11373109005034891
