cluster_hard_1.8,solar_power,solar_seas_ind,wind_power,wind_std,offshore_wind_potential,hydro_potential,geothermal_potential,evi,res_area
0,0.15509968829061319,0.14767195134084543,0.0827862890193705,-0.10571257055909661,0.9507117052958195,0.0,0.4500637565428678,-0.10463375186284478,-0.12097999091553621
1,0.020870490814865795,0.2968983325272183,-0.3706610268962497,0.37207884352110704,0.48274856954232404,6.417454053912195,0.23358154396207317,0.22110891627976736,-0.23480019423505263
2,-2.140306952574312,5.727155535411945,0.5527205479187759,-0.49215272363701545,1.8080504820726826,1.8714293110667752,0.33721891944738935,-0.4074160864662391,-0.01558109428070638
