,count,mean,std,min,5%,25%,50%,75%,95%,max
max_membership,459.0,0.8671968410327754,0.12233857652396783,0.4281764861032393,0.5668288385654812,0.8305151489911495,0.912243158886925,0.9548829183607637,0.980651064459989,0.9936787348953208
second_membership,459.0,0.08412521995649123,0.08317624400815582,0.0038229238466762,0.01196560792299979,0.02624879759248995,0.0533133521951417,0.11187552908609605,0.2849340035529031,0.4186621504278581
margin,459.0,0.7830716210762841,0.2045912882266285,0.015477501638967217,0.2933274229998351,0.7161944254015393,0.8569772953830886,0.9281420965018101,0.9688706878032242,0.9898558110486446
ratio,459.0,27.123944592792654,29.306820972440878,1.0369689536614421,2.062137577568987,7.372946028450752,17.10539307937549,36.350247464822004,81.97894700485907,259.92637435330136
