feature,z
hydro_potential,-1.2258750529628233
solar_power,0.4335921372413056
res_area,0.4284095861108267
solar_seas_ind,-0.42518480077209886
