cluster_hard_2.1,solar_power,solar_seas_ind,wind_power,wind_std,offshore_wind_potential,hydro_potential,geothermal_potential,evi,res_area
0,0.3348232905645085,-0.35192271566501415,0.23341889130428292,-0.22794287251749698,0.0956691174481884,-0.9495724804212026,0.11657744979720987,-0.17425582116030608,0.05453687912545662
1,0.2094896930527233,-0.28641599777456483,-0.5051208538819928,0.4312296389735348,-0.3429470465252014,1.0223330309183278,-0.11069880914561275,0.35523630828379377,-0.10399447236916817
2,-1.912822963412776,2.24753616224007,0.9969774335733073,-0.7515466244234507,0.8950651269543815,-0.3603611786656273,-0.008768034984956803,-0.6660623561430409,0.18274684730648982
