cluster_hard_2.1,solar_power,solar_seas_ind,wind_power,wind_std,offshore_wind_potential,hydro_potential,geothermal_potential,evi,res_area
0,0.15509968829061319,0.14767195134084543,0.0827862890193705,-0.10571257055909661,0.9507117052958195,0.0,0.4500637565428678,-0.10463375186284478,-0.12097999091553621
1,0.027828503450469794,0.2867868901700225,-0.37658374111795156,0.37504091264463124,0.4720481933295477,6.426126490638441,0.23472655153051472,0.22518532478261405,-0.2313699572709107
2,-2.127293919842278,5.668076185201124,0.557717953645305,-0.48759185581317016,1.8230956546143673,1.9201459365175,0.3313027980535755,-0.41097858351597105,-0.03170368095858887
