,solar_power,solar_seas_ind,wind_power,wind_std,offshore_wind_potential,hydro_potential,geothermal_potential,evi,res_area
0,-0.008176146844476956,0.47016497771501337,0.05743196751170068,-0.08630246948060584,0.9301159488910246,0.8089231612010759,0.3838262198665648,-0.08410613748201622,-0.12406774515792063
1,-0.011026955953780691,0.47031335319048223,-0.3184575767127233,0.33322405879113237,0.5026693538211775,5.784602827343876,0.2558716806110242,0.1926065875517463,-0.21241085287031627
2,-0.9678235530507351,2.792647858675197,0.2607302365596551,-0.2416255614393414,1.4480976144591948,1.9412925252315727,0.43430677066347934,-0.2348519159448282,-0.11305103979991747
