,solar_power,solar_seas_ind,wind_power,wind_std,offshore_wind_potential,hydro_potential,geothermal_potential,evi,res_area
0,0.17403318061208412,-0.2000665607608284,0.19265616644814082,-0.2013292222305752,0.0767965035084025,-0.7013482909119604,0.04666747053229581,-0.1413007526983439,0.05010254628443904
1,0.17122577246280674,-0.19999669342310605,-0.41167008471522765,0.37389355813315256,-0.31488780320397963,0.8254766433031507,-0.0883813195506048,0.302934345867244,-0.07676724744115196
2,-0.7710044719701109,0.8935487775262494,0.519503461589715,-0.414296400204416,0.5514412706158378,-0.35387218799728964,0.09994684106112615,-0.3833082922706667,0.06592366886545235
