,count,mean,std,min,5%,25%,50%,75%,95%,max
max_membership,459.0,0.7760702826438186,0.13255418286406104,0.382786231598993,0.5063112097948262,0.6954216925954173,0.8136650730198458,0.8784997317115474,0.9352218370957205,0.971969791670074
second_membership,459.0,0.13647298067278735,0.0859030211205808,0.0157303283691691,0.03747378759958484,0.06801365161266551,0.1114803098674453,0.18884934384983165,0.3082994678389054,0.4235450879654103
margin,459.0,0.6395973019710313,0.2172350131373136,0.0001589297608138862,0.18762388367503288,0.5053196044321535,0.7015697875323282,0.810062343661589,0.897835350211739,0.9562394633009049
ratio,459.0,9.413448568935397,7.788917043809783,1.0004153644030376,1.6078378925889627,3.706772907227041,7.274183196708985,12.960374882053113,24.86430977313193,61.789542396018966
